"Species","Species_used_for_morpho","EdHd","MoBd","JlHd","EhBd","BlBd","HdBd","PFiBd","PFlBl","CFdCPd","Length","imput","AVG_MXL","AVG_LMAT","AVG_AGEMAT","AVG_LONGY","AVG_FECUND","AVG_EGGSIZE","AVG_RGUILD","AVG_Troph","CTmax","Tp_pref","Q_pref"
"Abramis brama","Abramis brama",0.397435897,0.582905087,0.193730769,0.636374818,2.587183093,0.417105608,0.427800624,0.18413182,3.228958661,82,0,"780",200,3.5,21.5,235034.5,1.6,"NG_OS","Omnivore",30.32,20.87,7.82
"Acanthopagrus australis","Acanthopagrus butcheri",0.257335892,0.312709677,0.399996002,0.506912442,0.461087558,NA,0.381928615,NA,NA,NA,1,"660",NA,4,14,NA,NA,"NG_OS","Piscivore",38.35,24.26,1.03
"Achondrostoma arcasii","Achondrostoma arcasii",0.383017098,0.359907758,0.392035207,0.434414978,3.492962902,0.507366533,0.206647267,0.189963951,2.959343127,10.4,0,"250",20,2,NA,NA,NA,"NG_OS","Omnivore",35.53,23.62,3.92
"Alburnoides bipunctatus","Alburnoides bipunctatus",0.623262053,0.488984023,0.580383492,0.525739563,3.512796769,0.451359456,0.268386674,0.204675647,3.342143807,16,0,"156.67",50,2.5,15,5169,1.6,"NG_OS","Omnivore",NA,21.51,13.55
"Alburnus alburnus","Alburnus alburnus",0.540985824,0.559971056,0.441100168,0.559971056,4.253526855,0.429576461,0.2766026,0.152191702,1.942321838,25,0,"220",75.75,1.88,8,6250,1.38,"NG_OS","Invertivore",34.46,21.53,9.02
"Alosa agone","Alosa fallax",0.367743118,0.555970246,0.888030782,0.590447952,0.470426748,NA,0.135772914,NA,NA,NA,1,"380",215,2.5,6,2e+05,NA,"NG_OS","Omnivore",NA,22.24,26.74
"Alosa chrysochloris","Alosa chrysochloris",0.39763413,0.642865555,0.737591048,0.652789513,3.794577156,0.561015951,0.18814041,0.146598491,2.570926861,50,0,"500",279.5,2.5,4,519000,0.95,"NG_OS","Invertivore-piscivore",NA,28.23,112.65
"Ambassis agassizii","Ambassis agassizii",0.496479313,0.604274606,0.555532408,0.510690673,2.758243586,0.598802445,0.307522142,0.230217237,2.792177326,8,0,"80",28,1,4,750,0.53,"NG_OS","Invertivore",NA,30.3,3.2
"Ambassis marianus","Ambassis marianus",0.527202703,0.499904068,0.368851351,0.430526243,2.724461056,0.567915826,0.338685045,0.117670423,2.660641509,10,0,"122",60,0.8,3,6642,0.7,"NG_OS","Invertivore",NA,25.93,1.3
"Ambloplites rupestris","Ambloplites rupestris",0.385614211,0.417820293,0.497698274,0.524442688,2.514466546,0.607382193,0.342235628,0.196628382,2.313312287,43,0,"430",98,2.5,18,6500,1.88,"G_NS","Invertivore-piscivore",33.86,23.38,9.03
"Ameiurus brunneus","Ameiurus brunneus",0.346760551,0.306917386,0.458255224,0.530260362,4.230844064,0.559919101,0.32942065,0.165453434,1.978334006,29,0,"290",254,3,6,1742,3,"G_NS","Invertivore",38.6,27.48,8.4
"Ameiurus melas","Ameiurus melas",0.210539107,0.404241848,0.326590325,0.48507337,4.10148913,0.570236413,0.389497283,0.157155275,2.213600411,66,0,"582.5",169,3,10,4250,2.27,"G_NS","Invertivore-piscivore",36.76,25.82,8.64
"Ameiurus natalis","Ameiurus natalis",0.21082667,0.576156738,0.45424942,0.685748816,5.294514852,0.687800064,0.300934704,0.161264652,1.885352967,47,0,"470",233,2.5,7,4325,2.6,"G_NS","Invertivore-piscivore",37.15,27.55,8.3
"Ameiurus nebulosus","Ameiurus nebulosus",0.268012891,0.345555201,0.503887887,0.463754674,3.969638561,0.490174198,0.347816005,0.153249389,1.839310528,55,0,"483.33",174.5,3,10,6333.33,2.1,"G_NS","Invertivore-piscivore",36.83,23.01,9.66
"Amia calva","Amia calva",0.239979202,0.426656985,0.98276816,0.566364057,4.835800737,0.564385118,0.203431917,0.125053001,1.36475708,109,0,"1090",605,4.5,30,33000,2.58,"G_NS","Invertivore-piscivore",36.44,27.69,15.29
"Ammocrypta clara","Ammocrypta clara",0.590915319,0.157762307,0.659975336,0.425466729,7.183510638,0.570869837,0.425466729,0.14737824,1.933787808,7,0,"71",52.5,1,3,192.5,0.875,"NG_OS","Invertivore",35.22,27.97,69.28
"Amniataba percoides","Amniataba percoides",0.518725926,0.276024412,0.388874074,0.43855936,2.598045877,0.405856357,0.312160659,0.195897189,2.608495982,18,0,"200",80,0.8,4,125000,0.4,"NG_OS","Omnivore",NA,32.06,4.18
"Anguilla anguilla","Anguilla anguilla",0.249665422,0.720516313,0.394942594,0.821233167,16.2191429,0.634091873,0.604546774,0.04466753,0,133,0,"1776.67",587.5,11.75,52.5,2e+06,0.87,"NG_OS","Invertivore-piscivore",35.12,20.3,5.29
"Anguilla australis","Anguilla australis",0.311512112,0.500616174,0.374647383,0.573910584,11.91949332,0.451180832,0.573910584,0.037081167,0,130,0,"1100",840,20.5,32,6250000,0.24,"NG_OS","Invertivore-piscivore",NA,19.41,1.05
"Anguilla reinhardtii","Anguilla reinhardtii",0.292541908,0.386335896,0.593610915,0.487382522,8.025158672,0.366791773,0.52447211,0.065195694,0,200,0,"2000",740,25,45,2e+06,0.22,"NG_OS","Invertivore-piscivore",NA,25.2,1.38
"Anguilla rostrata","Anguilla rostrata",0.31401802,0.152306862,1.064214618,0.32608484,16.53261822,0.393905601,0.577587199,0.037438892,0,152,0,"1120",520.5,12,50,1450000,0.73,NA,"Invertivore-piscivore",36.6,27.51,7.61
"Aphredoderus sayanus","Aphredoderus sayanus",0.321428571,0.572288456,0.287946429,0.581351168,3.188930891,0.542793448,0.409644276,0.179561218,2.404761905,14,0,"140",35,2,5,144.5,1.35,"G_NS","Invertivore-piscivore",36.75,28.24,8.56
"Aplodinotus grunniens","Aplodinotus grunniens",0.381944444,0.221978663,0.545482639,0.437381228,2.771378151,0.42003019,0.410993707,0.223393187,2.734042553,95,0,"950",386,5.5,17,267500,1.4,"NG_OS","Invertivore-piscivore",33.84,28.19,63.97
"Arrhamphus sclerolepis","Arrhamphus sclerolepis",0.634146341,0.543557005,0.526512195,0.517951565,6.589369232,0.569009784,0.697411699,0.130548424,3.875,36,0,"400",215,1,7,7500,2.5,"NG_OS","Herbivore-detritivore",NA,28.65,4.63
"Astyanax mexicanus","Astyanax mexicanus",0.440611385,0.516996332,0.262159846,0.493886355,2.803642439,0.480657768,0.141085866,0.148993573,2.981330328,12,0,"120",60,0.5,2,18714,0.7,"NG_BH","Omnivore",38.02,29.32,10.59
"Atherina presbyter","Atherina boyeri",0.550913043,0.772539198,0.536231884,0.725472123,0.691278866,NA,0.177388105,NA,NA,NA,1,"200",40,1.5,4,224.4,2,"NG_OS","Invertivore",NA,22.59,3.14
"Awaous acritosus","Awaous ocellaris",0.259216057,0.457224137,0.673980263,0.706078013,0.590940423,NA,0.139384604,NA,NA,NA,1,"200",70,2,5,3e+05,0.3,"G_SC","Omnivore",NA,27.37,2.3
"Barbatula barbatula","Barbatula barbatula",0.30066,0,NA,0.489219782,6.724161164,0.673763644,0,0.144789579,1.754811321,21,0,"183.33",55.5,2,7,3785.67,0.8,"NG_OS","Invertivore",33.29,20.5,7.1
"Barbatula quignardi","Barbatula barbatula",0.30066,0,NA,0.489219782,0.673763644,NA,0.144789579,NA,NA,NA,1,"70",40,2,7,3785.67,0.8,"NG_OS","Invertivore",33.29,22.32,5.82
"Barbus barbus","Barbus barbus",0.23787234,0,0.298638298,0.371264757,4.068372397,0.388291764,0.239724726,0.155661105,2.304620804,120,0,"1000",280,4.5,16,36400,2.17,"NG_OS","Invertivore",33.1,21.23,14.32
"Barbus haasi","Barbus haasi",0.333333333,0.31583474,0.402466667,0.577246748,4.180501878,0.489902564,0.352392358,0.184914063,2.500125,30,0,"300",25,1,NA,5000,NA,"NG_OS","Invertivore",34.98,24.62,2.96
"Barbus meridionalis","Barbus meridionalis",0.369288025,0.389645339,0.424999824,0.627147112,4.429396308,0.529538889,0.303137527,0.195501026,2.20932337,25,0,"267",NA,2.5,NA,23185,NA,"NG_OS","Omnivore",33.99,23.31,6.39
"Blicca bjoerkna","Blicca bjoerkna",0.503950374,0.36573788,0.331276177,0.459238245,2.485815404,0.354092467,0.308156845,0.17880226,2.999490653,36,0,"346.67",135,3.25,12.5,72666.67,1.67,"NG_OS","Omnivore",30.86,20.95,9.32
"Campostoma anomalum","Campostoma anomalum",0.2304875,0.204529035,0.4791,0.540899385,4.069878145,0.642188579,0.22954228,0.153619026,2.45290566,22,0,"220",94.5,2.5,5,2475,1.7,"NG_BH","Herbivore-detritivore",35.63,25.87,7.78
"Campostoma oligolepis","Campostoma oligolepis",0.2075996,0.110064891,0.463607179,0.433969409,3.998786899,0.609792104,0.188743188,0.129409461,2.269095928,22,0,"220",94,2.5,4,1510,1.4,"NG_BH","Herbivore-detritivore",35.17,26.32,9.34
"Carassius auratus","Carassius auratus",0.27027027,0.327172908,0.254972973,0.42197838,2.645995456,0.396870089,0.238048758,0.175272227,2.016162906,59,0,"562.5",132.17,2.5,14.67,217833.33,1.48,"NG_BH","Omnivore",38.52,24.47,7.65
"Carassius carassius","Carassius carassius",0.324293648,0.459792912,0.278568244,0.532474758,2.081192046,0.381243561,0.267530394,0.185643105,1.638903004,64,0,"563.33",95,2.25,12.5,61935.5,1.39,"NG_OS","Omnivore",31.41,20.65,6.23
"Carassius gibelio","Carassius gibelio",0.45980479,0.46399493,0.441120659,0.516476304,2.438314942,0.422883904,0.238702184,0.194932843,2.102632479,45,0,"433.33",138.75,2,27.5,261666.67,1.11,"NG_OS","Omnivore",NA,21.36,13.03
"Carpiodes carpio","Carpiodes carpio",0.324786325,0.144056636,0.384136752,0.383156927,3.337676726,0.407628577,0.157679095,0.167496868,2.607196429,64,0,"640",291.75,4,11,1e+05,1.35,"NG_OS","Herbivore-detritivore",36.43,28.94,24.2
"Carpiodes cyprinus","Carpiodes cyprinus",0.345323741,0.152401953,0.235985612,0.438339662,2.958886063,0.489619365,0.092788153,0.191733432,2.748488331,66,0,"660",277,4,12,187617.5,1.7,"NG_OS","Herbivore-detritivore",NA,26.05,39.76
"Carpiodes velifer","Carpiodes velifer",0.38966268,0.315598876,0.435958546,0.417264842,2.456127009,0.397542365,0.110083506,0.179895343,1.652119685,50,0,"500",229,4,8,51999.5,1.2,"NG_OS","Herbivore-detritivore",35.29,27.63,39.61
"Catostomus commersonii","Catostomus commersonii",0.308510638,0.075563026,NA,0.500010462,4.477789325,0.65561422,0.171247829,0.186912394,2.546542274,65,0,"640",342,2.75,17,80000,2.41,"NG_OS","Omnivore",33.43,23.06,5.66
"Chelon labrosus","Chelon labrosus",0.421724147,0.495619266,0.21572883,0.534372112,3.918653099,0.392515837,0.617923579,0.168065876,3.044644887,75,0,"750",295,2,25,4e+05,1.3,"NG_OS","Omnivore",NA,22.95,4.4
"Chelon ramada","Chelon ramada",0.333333333,0.623279002,0.360490196,0.52997701,4.34066076,0.439128975,0.573287182,0.140881139,2.681247434,70,0,"622.5",259,2,10,3e+05,0.59,"NG_OS","Omnivore",NA,NA,NA
"Chondrostoma nasus","Chondrostoma nasus",0.363636364,0.321312998,0.313872727,0.468442813,3.959408526,0.418782789,0.276320498,0.15578047,2.31372549,50,0,"486.67",197.75,3.75,14.5,45333.33,1.75,"NG_OS","Omnivore",34.03,21.65,19.05
"Cobitis taenia","Cobitis taenia",0.286353167,0,NA,0.618919452,6.750121118,0.802443882,0.161490015,0.114149461,1.9990005,14,0,"142.5",53,1,5,1225,1.78,"NG_OS","Invertivore",33.76,21.62,7.85
"Coregonus albula","Coregonus albula",0.59387889,0.552868056,0.649809399,0.552868056,4.479430556,0.4445,0.267979167,0.150450051,2.909159074,45,0,"437.5",170,2,10,8766.67,1.39,"NG_OS","Invertivore",28.68,17.32,1.39
"Cottus bairdii","Cottus bairdii",0.385627806,0.435251994,0.577723645,0.75187192,4.560691045,0.748890462,0.75187192,0.298745377,2.676038174,15,0,"150",74,2,6,2000,2.35,"G_NS","Invertivore",31.09,21.56,5.25
"Cottus carolinae","Cottus carolinae",0.538563346,0.358147097,0.757011768,0.663106033,4.620302101,0.692045246,0.59219103,0.286074536,2.316485951,18,0,"180",105,2,6,691.5,2.25,"G_NS","Invertivore",34.15,26.16,9.48
"Cottus gobio","Cottus gobio",0.402236592,0.5019123,0.490233659,0.702836958,5.987026227,0.779231573,0.497334468,0.229832325,2.699277598,18,0,"170",48.5,1.5,6.5,433.33,2.42,"G_NS","Invertivore",30.32,19.03,5.94
"Cottus poecilopus","Cottus poecilopus",0.329981551,0.433467825,0.868717169,0.680627033,4.91996377,0.730855531,0.467701429,0.25230542,2.602694192,15,0,"150",60,2,6.5,250.25,3,"G_NS","Invertivore",28.84,15.98,2.54
"Craterocephalus marjoriae","Craterocephalus marjoriae",0.610774049,0.323849984,0.499762864,0.454902979,3.803013435,0.610609859,0.647504627,0.157448505,1.712873238,8,0,"97",33,0.9,2,200,1.02,"NG_OS","Omnivore",NA,26.95,1.48
"Craterocephalus stercusmuscarum","Craterocephalus stercusmuscarum",0.616854227,0.43639795,0.384244962,0.374733386,5.209170398,0.640040648,0.549330534,0.121343863,3.416409317,7,0,"125",36,0.9,3,500,1.17,"NG_OS","Omnivore",37.91,30.49,5.35
"Ctenopharyngodon idella","Ctenopharyngodon idella",0.332973401,0.498654092,0.498369612,0.519795173,4.021924084,0.364372974,0.304157707,0.191398274,2.35595279,150,0,"1466.67",600,6,20.67,916666.67,1.38,"NG_OS","Herbivore-detritivore",36.23,25.94,15.12
"Cycleptus elongatus","Cycleptus elongatus",0.274193548,0,0.210290323,0.314704258,4.248591938,0.402767402,0.158177153,0.148441836,1.934759881,93,0,"930",574,5.5,13,112873.5,2.2,"NG_OS","Omnivore",35.27,29.01,94.29
"Cyprinella galactura","Cyprinella galactura",0.405388971,0.389543416,0.500608083,0.465020717,4.145951222,0.505136484,0.17918649,0.166260006,2.417013423,15,0,"150",60.5,1.5,4,1109.5,1.6,"G_NS","Invertivore",37.42,25.13,9.06
"Cyprinella lutrensis","Cyprinella lutrensis",0.509870558,0.32721418,0.44082163,0.431196217,3.479371938,0.458913598,0.206441166,0.192250141,3.221512519,9,0,"90",45.5,1.5,3,842.5,1.15,"G_NS","Omnivore",37.73,28.81,10.7
"Cyprinella spiloptera","Cyprinella spiloptera",0.403492845,0.553650553,0.42249648,0.553650553,3.696972329,0.471444611,0.19916508,0.171389262,2.716643102,12,0,"120",42.5,1.5,5,7474,1.2,"G_NS","Omnivore",36.47,24.64,16.55
"Cyprinella venusta","Cyprinella venusta",0.490818503,0.477607597,0.4390022,0.52538652,4.506285107,0.586050109,0.215064726,0.157524414,2.698508362,19,0,"190",37,1.5,4,459,1.155,"G_NS","Invertivore",38.69,29.4,12.73
"Cyprinodon pecosensis","Cyprinodon pecosensis",0.409638095,0.490224405,0.278152381,0.534131017,2.849703418,0.594863776,0.260975237,0.189877218,1.63859062,5,0,"50",20,0.5,3,130,NA,"NG_OS","Omnivore",NA,30.29,18.7
"Cyprinus carpio","Cyprinus carpio",0.182045455,0.307949315,0.346172727,0.510936185,3.481135273,0.48104781,0.258020926,0.178656382,2.637145238,120,0,"1230",420,3.63,36.75,887750,1.3,"NG_OS","Omnivore",36.44,24.83,8.64
"Dicentrarchus labrax","Dicentrarchus labrax",0.4338853,0.468574271,0.709390779,0.572333247,4.256795571,0.588541396,0.364789342,0.128637131,2.482610395,103,0,"1015",420,5.5,30,1100785,1.13,"NG_OS","Piscivore",33.43,21.47,3.39
"Dorosoma cepedianum","Dorosoma cepedianum",0.378720949,0.444745653,0.329398187,0.478791768,2.779845316,0.274628915,0.287958974,0.180492429,3.314939167,57,0,"570",212.5,2,10,283158.5,0.75,"NG_OS","Omnivore",35.3,28.06,23.5
"Dorosoma petenense","Dorosoma petenense",0.416666667,0.521677715,0.220087963,0.540722766,2.98532351,0.422007702,0.248845828,0.182166943,2.6905,22,0,"220",93.5,2,4,12900,0.82,"NG_OS","Invertivore",33.06,28.86,21.65
"Erimystax insignis","Erimystax insignis",0.482116533,0.211963876,0.264993405,0.543456047,5.548786213,0.71192245,0.315612141,0.173948317,3.22195734,NA,0,"92",52.1,1,2.5,550,1.675,"NG_OS","Invertivore",35.92,24.54,9.07
"Esox americanus","Esox americanus",0.372370968,0.640558211,1.327096774,0.744244822,6.450195044,0.681281248,0.155782649,0.088356048,2.237455965,39,0,"394",153,2,8,2385,1.95,"NG_OS","Piscivore",36.2,27.49,6.75
"Esox lucius","Esox lucius",0.279515059,0.485175825,1.387489313,0.620001726,6.775381516,0.673753952,0.130070594,0.102102069,3.020697936,150,0,"1435",478,3.67,27.33,220672.75,2.76,"NG_OS","Piscivore",28.98,19.78,6.23
"Esox masquinongy","Esox masquinongy",0.294387285,0.446873451,1.314136387,0.566998037,6.598839229,0.546651367,0.072206675,0.091179772,2.723833544,183,0,"1830",711.5,4,39,230358.5,3,"NG_OS","Piscivore",35.42,24.2,12.71
"Etheostoma asprigene","Etheostoma asprigene",0.514634511,0.484007041,0.428283432,0.59948383,4.424318551,0.580929901,0.416156702,0.214599498,1.789339988,7,0,"71",43,1,3,209,1.06,"NG_BH","Invertivore",35.91,29.11,36.91
"Etheostoma blennioides","Etheostoma blennioides",0.397856401,0.166635401,0.33812632,0.594983726,5.840450977,0.690483337,0.508732519,0.284115291,2.141547981,17,0,"170",63,1.5,5,1200,1.83,"G_NS","Invertivore",35.76,24.16,8.01
"Etheostoma caeruleum","Etheostoma caeruleum",0.44752457,0.422691676,0.471627613,0.603726159,3.909328028,0.480023999,0.393179235,0.268192561,2.853544118,8,0,"77",42,1,5,739,1.45,"NG_BH","Invertivore",34.9,24.62,9.54
"Etheostoma camurum","Etheostoma camurum",0.372253099,0.432487009,0.422749576,0.608106245,4.293670485,0.592744214,0.415574302,0.218392207,1.57136395,8,0,"84",61,1,3,100,1.9,"NG_BH","Invertivore",34.99,23.62,26.11
"Etheostoma chlorobranchium","Etheostoma chlorobranchium",0.343838081,0.441680504,0.424514539,0.689274372,4.085016686,0.569112834,NA,NA,1.667593014,11,0,"100",56.5,1,5,400,1.42,"G_NS","Invertivore",34.69,21.15,4.17
"Etheostoma cinereum","Etheostoma cinereum",0.472336874,0.263171801,0.420622155,0.617802482,5.142824989,0.644889811,0.459476651,0.192192718,1.656722193,NA,0,"120",60.5,1.5,4.3,150,2.05,"G_SC","Invertivore",35.78,25.38,12.23
"Etheostoma exile","Etheostoma exile",0.507950352,0.375217039,0.421133848,0.573609863,5.410309656,0.650242996,0.474544328,0.247037081,3.028297082,7,0,"72",44,1,4,1198,1.05,"NG_OS","Invertivore",31.98,21.6,3.61
"Etheostoma flabellare","Etheostoma flabellare",0.3877,0.374191108,0.375,0.506646762,4.08668486,0.540387187,0.43230975,0.249783058,2.329290943,8,0,"84",50.5,1.5,5,1265,2.45,"G_NS","Invertivore",34.88,24.45,6.49
"Etheostoma jessiae","Etheostoma jessiae",0.429079965,0.302096265,0.532065895,0.613665657,5.794951883,0.704166436,0.429129469,0.248874595,2.850538538,7,0,"68",35,1,3,440,1.55,"NG_BH","Invertivore",NA,25.5,32.71
"Etheostoma kennicotti","Etheostoma kennicotti",0.426221506,0.427330317,0.520056252,0.564497738,4.692328054,0.58399095,0.423174208,0.225814835,2.277222699,8,0,"83",30,1,3,130,2.15,"G_NS","Invertivore",36.18,25.5,7.61
"Etheostoma nigrum","Etheostoma nigrum",0.435857143,0.381173652,0.427396825,0.603186296,4.962818447,0.5100017,0.440641469,0.220234173,2.640049991,7,0,"72",46,1,4,723,1.225,"G_NS","Invertivore",32.83,24.2,8.84
"Etheostoma rufilineatum","Etheostoma rufilineatum",0.399897848,0.410569315,0.55579549,0.62301357,4.574696388,0.568183321,0.488740807,0.208174842,1.311921168,8,0,"84",54,1,4,177,1.9,"NG_BH","Invertivore",35.39,25.15,15.31
"Etheostoma swannanoa","Etheostoma swannanoa",0.392765092,0.301493234,0.345240787,0.570765282,4.205786281,0.515982268,0.429234718,0.236674803,2.005704971,9.6,0,"90",57,1.5,4,120,2.05,"NG_BH","Invertivore",35.24,28.24,7.39
"Etheostoma tennesseense","Etheostoma tennesseense",0.386298608,0.432656699,0.306946072,0.669084316,4.087219755,0.563901225,NA,NA,2.735749904,NA,0,NA,NA,NA,NA,NA,NA,NA,NA,NA,24.93,8.68
"Etheostoma vulneratum","Etheostoma vulneratum",0.353451399,0.501845334,0.319225113,0.65168402,4.359302439,0.573434521,0.483196461,0.205470504,1.782876769,8.1,0,"80",44,2,4,91.5,3,"G_NS","Invertivore",34.84,22.63,5.24
"Etheostoma zonale","Etheostoma zonale",0.34132,0.411331402,0.364005,0.629249415,4.254642886,0.5576203,0.410796087,0.227598296,2.696435173,8,0,"78",43,1.5,4,155.5,1.21,"NG_BH","Invertivore",35.48,24.56,9.48
"Fundulus catenatus","Fundulus catenatus",0.510178052,0.358459621,0.278501097,0.522369984,4.826870829,0.572009724,0.375528571,0.150958363,1.83740391,20,0,"200",84,1,5,136.5,2,"NG_OS","Invertivore",39.01,26.38,10.34
"Fundulus diaphanus","Fundulus diaphanus",0.538680769,0.479214184,0.172003846,0.58715416,4.689666284,0.594206939,0.424298036,0.167607131,2.089562069,13,0,"100",40,1.5,3,142,1.45,"NG_BH","Invertivore",37.87,22.29,8.51
"Fundulus notatus","Fundulus notatus",0.563897857,0.681734649,0.286430049,0.608912781,3.961130538,0.516458401,0.397410717,0.162060352,2.020754127,8,0,"80",48,1,3,95,1.25,"NG_BH","Omnivore",38.67,28.86,12.22
"Fundulus zebrinus","Fundulus zebrinus",0.445132448,0.558563407,0.18523352,0.659712906,4.273502076,0.578589273,0.412253291,0.135350486,1.718153404,8,0,"80",48,2,3,65,1.25,"NG_OS","Invertivore",39.65,27.95,5.83
"Gambusia affinis","Gambusia affinis",0.580510957,0.635737221,0.322145956,0.544961563,4.183563996,0.545043593,0.464943633,0.203100698,1.874924668,7,0,"50",22,0.1,2,200.33,1.88,"Bearer","Invertivore",40.23,28.62,9.46
"Gambusia holbrooki","Gambusia holbrooki",0.536846012,0.57047554,0.280091554,0.510377053,3.218928148,0.464835915,0.480104957,0.198412574,2.181679666,8,0,"43.75",19.75,0.33,1.63,949.67,1.8,"Bearer","Omnivore",39.77,27.3,4.28
"Gasterosteus aculeatus","Gasterosteus aculeatus",0.636972122,0.503115726,0.437594711,0.55274761,4.156269684,0.570325752,0.488282703,0.167548242,3.961562315,11,0,"105",40.08,0.92,4.33,574.75,1.53,"G_NS","Invertivore",31.28,19.75,6.08
"Glossamia aprion","Glossamia aprion",0.468682484,0.325845897,0.806031522,0.448447578,2.565972858,0.510890354,0.428289487,0.214575982,2.516675435,18,0,"250",70,1,5,500,1.5,"Bearer","Invertivore-piscivore",NA,31.47,4.32
"Gobio gobio","Gobio gobio",0.441565619,0.173043232,0.298397321,0.577226902,4.762858911,0.645405621,0.149628107,0.188987027,1.980330344,20,0,"200",67.9,2,8.5,6272.5,1.52,"NG_OS","Invertivore",29,20.87,7.85
"Gobio lozanoi","Gobio lozanoi",0.453194952,0.243813835,0.206579198,0.565760778,4.067150532,0.558186245,0.216085034,0.192817962,2.564901738,12,0,"131.5",NA,1,NA,2000,NA,"NG_OS","Invertivore",NA,23.86,4.24
"Gobio occitaniae","Gobio gobio",0.441565619,0.173043232,0.298397321,0.577226902,0.645405621,NA,0.188987027,NA,NA,NA,1,"155",67.9,2,8.5,6272.5,1.52,"NG_OS","Invertivore",29,23.5,6.99
"Gobiomorphus australis","Gobiomorphus australis",0.55719713,0.384272514,0.419186421,0.420458756,4.446102372,0.505361133,0.560039072,0.139461769,1.874086181,18,0,"225",75,3,8,180000,0.5,"G_SC","Invertivore",NA,24.61,1.17
"Gobiomorphus coxii","Gobiomorphus australis",0.55719713,0.384272514,0.419186421,0.420458756,0.505361133,NA,0.139461769,NA,NA,NA,1,"190",60,2,7,150000,0.5,"G_SC","Invertivore",NA,23.81,0.88
"Gymnocephalus cernua","Gymnocephalus cernua",0.38019604,0.407016505,0.409782324,0.64738846,4.052312466,0.622727598,0.365360471,0.178858492,3.997734617,25,0,"262.5",100,2,10.67,106250,0.88,"NG_OS","Invertivore",30.09,20.24,8.56
"Hiodon alosoides","Hiodon alosoides",0.552563812,0.496686224,0.581852535,0.490035714,3.598696429,0.517107143,0.265329082,0.200002268,2.35770853,52,0,"520",343,6.5,14,14763,3,"NG_OS","Invertivore-piscivore",32.78,27.48,247.89
"Hiodon tergisus","Hiodon tergisus",0.518317472,0.555241849,0.527138944,0.534883163,3.22408072,0.476746011,0.232627095,0.173640555,2.389416329,47,0,"470",271.5,4,10,11100,2,"NG_OS","Invertivore",NA,25.3,165.59
"Hybognathus nuchalis","Hybognathus nuchalis",0.487453947,0.36422441,0.363901316,0.51302591,4.155014628,0.491360778,0.250028286,0.188111563,2.192302422,18,0,"180",73,1.5,3,4500,0.9,"NG_OS","Herbivore-detritivore",37.78,28.75,41.4
"Hybognathus placitus","Hybognathus placitus",0.389530192,0.313039343,0.38854777,0.510220493,4.159109382,0.492883701,0.265317769,0.159188858,2.017136407,13,0,"130",43,1,2,2275.5,1,"NG_OS","Herbivore-detritivore",37.18,29.12,12.45
"Hybopsis amblops","Hybopsis amblops",0.66489398,0.383831823,0.511327665,0.5866397,4.487894535,0.606271221,0.283507042,0.183366502,2.513909429,10,0,"100",53.5,1,2,1000,0.96,"NG_OS","Invertivore",37.23,25.13,10.41
"Hypentelium nigricans","Hypentelium nigricans",0.392110668,0.085863689,NA,0.626671919,4.921009516,0.736614661,0.197764496,0.199559643,2.555307123,61,0,"610",191.5,3.5,10,30000,3,"NG_OS","Invertivore",33.81,24.56,7.15
"Hypophthalmichthys molitrix","Hypophthalmichthys molitrix",0.314380608,0.551897427,0.355937805,0.486083791,3.332838854,0.395489567,0.313926665,0.208885865,2.623367121,105,0,"1087.5",573.33,2.83,12,512500,1.17,"NG_OS","Herbivore-detritivore",36.27,26.69,75.36
"Hypophthalmichthys nobilis","Hypophthalmichthys nobilis",0.203676296,0.678390889,0.683956029,0.507559619,3.414213005,0.509615052,0.329180245,0.205733211,2.848572884,112,0,"1276.67",608.33,4.5,20.33,1233458.33,2.43,"NG_OS","Herbivore-detritivore",37.92,27.89,232.36
"Hypseleotris compressa","Hypseleotris compressa",0.442360435,0.493088736,0.316535433,0.52792715,2.92755514,0.498201661,NA,NA,2.51258892,12,0,"120",50,1,5,32000,0.32,"G_SC","Omnivore",NA,27.95,3.33
"Hypseleotris galii","Hypseleotris galii",0.575223554,0.516525643,0.503947869,0.49411735,4.512351673,0.53023291,NA,NA,2.152899824,6,0,"55",20,0.4,3,600,0.64,"G_SC","Invertivore",38.15,26.08,1.99
"Hypseleotris klunzingeri","Hypseleotris klunzingeri",0.430350119,0.486774327,0.429131043,0.523078995,3.723489737,0.690428361,NA,NA,2.263981144,6,0,"60",30,1,3,1350,0.45,"G_SC","Invertivore",37.04,27.26,4.33
"Ictalurus furcatus","Ictalurus furcatus",0.375399827,0.426891171,0.193244409,0.560972041,4.508068327,0.459405325,0.382099991,0.141592322,4.113898051,165,0,"1650",590,6,21,19712,3.95,"G_NS","Piscivore",38.04,29.29,24.62
"Ictalurus punctatus","Ictalurus punctatus",0.324100187,0.488390593,0.247652458,0.610576951,4.242870388,0.461683521,0.324333682,0.140295608,3.196117814,132,0,"1320",279.5,2.5,25,35800,3.6,"G_NS","Invertivore-piscivore",37.02,27.89,14.24
"Ictiobus bubalus","Ictiobus bubalus",0.342734255,0.172781798,0.156460145,0.375575795,2.769376615,0.423947788,0.110580351,0.175652372,2.720124909,112,0,"1120",344.5,4.5,15,302400,2,"NG_BH","Herbivore-detritivore",36.96,29.03,63.91
"Ictiobus cyprinellus","Ictiobus cyprinellus",0.236382302,0.517014502,0.289722025,0.574395286,3.271618476,0.57477517,0.156740724,0.233957069,2.44818184,123,0,"1230",340,5.5,20,425000,1.5,"NG_OS","Herbivore-detritivore",35.45,28.29,67.41
"Ictiobus niger","Ictiobus niger",0.183521923,0.173701465,NA,0.457732368,3.136200032,0.583906342,0.161981981,0.170484405,2.900035806,123,0,"1230",355,2,24,201276,2.1,"NG_BH","Herbivore-detritivore",35.84,27.79,82.82
"Kuhlia rupestris","Kuhlia rupestris",0.373605846,0.52490001,0.637899017,0.570299941,2.655421383,0.499289512,0.389402477,0.186832259,2.773835634,45,0,"450",200,4,7,NA,NA,"NG_OS","Invertivore",38.18,26.97,4.75
"Labidesthes sicculus","Labidesthes sicculus",0.628565998,0.559578758,0.486533503,0.471497705,6.972761485,0.644562285,0.528515611,0.157045455,3.546281655,13,0,"130",70,1,2,785,1,"NG_OS","Invertivore",35.23,28.04,14.47
"Leiopotherapon unicolor","Leiopotherapon unicolor",0.328617219,0.45387644,0.535554603,0.580084929,2.865350127,0.504844262,0.315546989,0.210113596,2.25940571,31,0,"330",60,0.5,5,1e+05,0.6,"NG_OS","Omnivore",NA,31.79,2.19
"Lepisosteus oculatus","Lepisosteus oculatus",0.517447799,0.163994652,3.722334993,0.335192513,8.520604278,0.413609626,0.221032086,0.083093326,2.375456884,150,0,"1120",544,3.5,18,7785,3.65,"NG_BH","Piscivore",NA,29.85,27.63
"Lepisosteus osseus","Lepisosteus osseus",0.417702324,0.497840077,2.913916818,0.657994382,10.64851028,0.808904572,0.302211477,0.054895659,2.965699566,200,0,"2000",761,5,32,39133,2.85,"NG_BH","Piscivore",35.98,28.41,28.78
"Lepisosteus platostomus","Lepisosteus platostomus",0.533264176,0.63119066,3.767481971,0.574628334,8.4750246,0.425579107,0.305284434,0.102870247,2.500614583,88,0,"880",431.5,2.5,20,36460,2.65,"NG_BH","Invertivore-piscivore",36.1,28.86,68.69
"Lepomis auritus","Lepomis auritus",0.304964539,0.416639368,0.387744681,0.541623076,2.099393081,0.496665997,0.323861455,0.218364673,2.372348955,30,0,"305",75,2,8,4764,1.2,"G_NS","Invertivore",35.93,27.43,7.51
"Lepomis cyanellus","Lepomis cyanellus",0.30877193,0.48164257,0.566470175,0.572431215,2.418047256,0.550433201,0.302440833,0.211780812,2.507163324,31,0,"310",71,2,10,6000,0.9,"G_NS","Invertivore-piscivore",37.59,27.21,7.3
"Lepomis gibbosus","Lepomis gibbosus",0.330129489,0.464434835,0.301593427,0.523731719,2.148928303,0.494616905,0.318648272,0.250377931,2.415496154,40,0,"362.5",92.67,2.33,10.67,2900,1,"G_NS","Invertivore",35.86,22.84,9.08
"Lepomis gulosus","Lepomis gulosus",0.432426311,0.639960352,0.558773093,0.656447212,2.380418601,0.473128485,0.320984772,0.234362967,2.828672096,31,0,"310",87.5,1.5,8,33850,1.01,"G_NS","Invertivore-piscivore",37.29,28.22,9.37
"Lepomis humilis","Lepomis humilis",0.3984375,0.429411808,0.399125,0.519635589,2.2138215,0.466819355,0.349184525,0.247897519,2.704383792,15,0,"150",52,2,7,2437.5,0.5,"G_NS","Invertivore",35.82,28.72,16.89
"Lepomis macrochirus","Lepomis macrochirus",0.285712472,0.489906007,0.277191891,0.53012832,1.899540662,0.514919493,0.3382264,0.300838867,2.975986278,41,0,"410",112,1.5,11,40950,1.2,"G_NS","Invertivore-piscivore",36.81,27.09,8.59
"Lepomis megalotis","Lepomis megalotis",0.272805195,0.436860496,0.370188312,0.551248096,2.035674223,0.551921871,0.360738285,0.255103837,2.643664085,24,0,"240",77,2,9,11148,1.78,"G_NS","Invertivore",37.26,28.56,10.8
"Lepomis microlophus","Lepomis microlophus",0.319605616,0.362397668,0.323198718,0.467191628,2.300558419,0.495481806,0.308141247,0.300112226,2.126116509,43,0,"432",155,2,8,44500,0.95,"G_NS","Invertivore-piscivore",38.29,28.29,8.91
"Leucaspius delineatus","Leucaspius delineatus",0.472083149,0.47113322,0.472242674,0.433064294,4.33928169,0.680182624,0.12047509,0.15772719,3.089545793,12,0,"90",36.7,1,2.5,641.67,1.07,"G_SC","Omnivore",35.47,21.1,6.74
"Leuciscus aspius","Leuciscus aspius",0.22420979,0.571209678,0.686601399,0.565568455,3.615438472,0.410322921,0.326789209,0.196017149,2.014926471,100,0,"933.33",200,4,11,127979.5,1.45,"NG_OS","Piscivore",34.92,21.05,32.41
"Leuciscus burdigalensis","Leuciscus burdigalensis",0.408502122,0.319111824,0.369156594,0.497896326,4.088354127,0.485192651,0.250707591,0.166581396,2.993740354,40,0,"400",NA,NA,NA,NA,NA,"NG_OS","Omnivore",NA,22.37,8.24
"Leuciscus idus","Leuciscus idus",0.508125952,0.507530524,0.427041011,0.525205221,3.714253961,0.482934643,0.219592394,0.180488862,2.515359214,76,0,"720",113.33,5.33,18.67,93250,1.94,"NG_OS","Omnivore",32.6,19.87,6.68
"Leuciscus leuciscus","Leuciscus leuciscus",0.443884164,0.324335707,0.359510662,0.476097198,4.559024887,0.551620454,0.226099646,0.163173148,2.808990347,40,0,"400",162.5,2.5,15.5,15000,1.45,"NG_OS","Omnivore",32.57,20.48,9.7
"Lota lota","Lota lota",0.481078462,0.524813967,0.782215076,0.773211219,7.373325701,0.649656554,0.658757871,0.123253268,1.758428693,152,0,"1390",347,3.83,16.67,709930.5,1.41,"NG_OS","Invertivore-piscivore",28.99,17.67,6.56
"Lucania parva","Lucania parva",0.559133759,0.492203082,0.168296951,0.50482058,3.646698228,0.586783449,0.375394814,0.177438578,1.621360188,5,0,"50",25.4,0.33,3,55.5,1.02,"NG_BH","Invertivore",38.38,29.07,5.48
"Luciobarbus graellsii","Luciobarbus graellsii",0.328947368,0,0.386986842,0.317674074,3.608454416,0.429847235,0.270724575,0.16815047,2.001573651,80,0,"725",175,4,16,17000,NA,"NG_OS","Omnivore",35.13,23.86,3.78
"Luxilus chrysocephalus","Luxilus chrysocephalus",0.257130613,0.385708873,0.249254797,0.483371139,3.026113142,0.516678066,0.14524851,0.15942439,3.088623188,24,0,"180",67,2,6,1025,1.24,"G_NS","Omnivore",35.64,25.45,9
"Luxilus coccogenis","Luxilus coccogenis",0.449228814,0.496837558,0.606686441,0.534878878,4.169817808,0.571467315,0.158291603,0.134695456,3.036460747,14,0,"140",70.5,2,4,968,1.41,"G_NS","Invertivore",35.42,22.46,3.58
"Luxilus cornutus","Luxilus cornutus",0.442392068,0.485282688,0.412803311,0.53351614,3.5826209,0.535479422,0.203752951,0.196708096,2.963767242,18,0,"180",55.5,2,9,2170,1.25,"G_NS","Omnivore",34.17,22.75,6.6
"Lythrurus lirus","Lythrurus lirus",0.643322359,0.522774616,0.627623301,0.564254462,5.477492547,0.593893987,0.30286909,0.143173824,2.517055529,8,0,"75",45,2,3,1000,NA,"NG_BH","Invertivore",36.23,26.15,12.38
"Maccullochella mariensis","Maccullochella macquariensis",0.280825545,0.337615826,0.836122217,0.496657103,0.507569395,NA,0.161468459,NA,NA,NA,1,"800",300,4,48,1e+05,3.25,"G_SC","Piscivore",NA,26.69,0.25
"Macquaria ambigua","Macquaria ambigua",0.28644898,0.554399917,0.698061224,0.533494692,2.81470212,0.33885412,0.343114,0.189194634,2.56318629,76,0,"700",397,4,15,4e+05,1.1,"NG_OS","Invertivore-piscivore",NA,29.22,10.13
"Macquaria novemaculeata","Macquaria novemaculeata",0.338011628,0.367447876,0.678023256,0.463121085,2.940020119,0.514951559,0.334814318,0.19620734,2.345376037,60,0,"600",200,5,22,1e+06,0.8,"NG_OS","Invertivore-piscivore",NA,24.23,2.39
"Macrhybopsis aestivalis","Macrhybopsis aestivalis",0.407863696,0.277961121,0.342002815,0.667410396,4.199414519,0.564677053,0.298370739,0.154823819,2.938253753,8,0,"76",53.25,1,1.5,677.5,0.8,"NG_OS","Invertivore",35.44,29.27,38.11
"Macrhybopsis storeriana","Macrhybopsis storeriana",0.480922032,0.298414406,0.246384002,0.572636548,4.940166726,0.652439146,0.254063583,0.161946524,2.853970017,23,0,"230",105,1.5,4,6524.78,1.4,"NG_OS","Invertivore",35.43,28.07,142.03
"Megalops cyprinoides","Megalops cyprinoides",0.4941563,0.653517297,0.807326702,0.595824835,3.967238552,0.615924815,0.130141972,0.164545044,2.977363636,150,0,"1500",250,NA,44,NA,NA,"NG_OS","Piscivore",38.1,30.65,8.34
"Melanotaenia duboulayi","Melanotaenia duboulayi",0.43876184,0.453016646,0.385479587,0.463815295,3.254346131,0.581950732,NA,NA,3.019935806,11,0,"110",27,0.8,4,500,0.93,"NG_OS","Omnivore",39.01,26.33,1.03
"Menidia audens","Menidia beryllina",0.683736523,0.603413527,0.248445573,0.603131844,0.618933888,NA,0.163359017,NA,NA,NA,1,"150",90,1,2,20000,0.93,"NG_OS","Invertivore",NA,29.95,47.92
"Menidia beryllina","Menidia beryllina",0.683736523,0.603413527,0.248445573,0.603131844,6.136203859,0.618933888,0.740748088,0.163359017,2.894710388,15,0,"150",90,1,2,20000,0.93,"NG_OS","Invertivore",NA,30.11,15.01
"Micropterus dolomieu","Micropterus dolomieu",0.332552432,0.601273409,0.656669649,0.652592702,3.341377865,0.610300565,0.389737954,0.171659093,2.828317774,69,0,"690",265,3,15,14858,2.15,"G_NS","Piscivore",35.44,23.92,9.8
"Micropterus punctulatus","Micropterus punctulatus",0.304379901,0.551825412,0.760531979,0.619045718,3.347326272,0.515434809,0.386563502,0.164817295,2.64564865,64,0,"635",249.5,2.25,11,24050,1.25,"G_NS","Piscivore",38.02,27.86,11.57
"Micropterus salmoides","Micropterus salmoides",0.271130617,0.546138912,0.84366518,0.598507859,2.897989032,0.471328002,0.326692452,0.172997466,2.367404334,97,0,"852.5",223,3,15.67,38250,1.6,"G_SC","Piscivore",35.66,26.18,7.5
"Minytrema melanops","Minytrema melanops",0.272235108,0.130742049,0.170665397,0.501766784,4.20919788,0.597215548,0.155477032,0.204057579,3.780000605,50,0,"500",317.5,3,8,40000,2.45,"NG_OS","Invertivore",33.32,27.85,13.36
"Misgurnus anguillicaudatus","Misgurnus anguillicaudatus",0.235894757,0.158328947,NA,0.497109649,6.754390351,0.520600877,0.169592105,0.110659668,1.343433219,28,0,"248",102,2,10,2000,1.06,"NG_BH","Omnivore",34.62,24.95,21.99
"Mogurnda adspersa","Mogurnda adspersa",0.240054697,0.511360011,0.309559366,0.506177865,3.810604144,0.611504142,0.466007988,0.151081879,1.655642611,14,0,"140",55,0.5,3,500,1.03,"G_SC","Invertivore",NA,27.68,2.19
"Morone americana","Morone americana",0.408997653,0.347356224,0.574882629,0.472522853,2.722076572,0.449977501,0.360438316,0.211337246,2.6667967,50,0,"495",232.5,2.5,14.5,163105,0.89,"NG_OS","Invertivore-piscivore",34.95,24.53,35.25
"Morone chrysops","Morone chrysops",0.478349465,0.487330335,0.676811129,0.504293644,2.952101611,0.447893882,0.332440849,0.167800492,2.127240239,45,0,"450",273,2.5,9,527850,0.85,"NG_OS","Invertivore-piscivore",35.47,28.05,33.01
"Morone mississippiensis","Morone mississippiensis",0.470234413,0.328622174,0.497973541,0.501751373,2.93300261,0.466417682,0.381603867,0.206227864,2.892144026,46,0,"460",234,3,9,26850,0.8,"NG_OS","Invertivore-piscivore",37.05,27.64,30.36
"Morone saxatilis","Morone saxatilis",0.295859905,0.613368246,0.707712585,0.645352095,3.453472984,0.491275844,0.386636114,0.154030837,2.867191666,200,0,"2000",450,5,31,2255500,1.18,"NG_OS","Piscivore",35.01,28.3,26.31
"Moxostoma anisurum","Moxostoma anisurum",0.329753812,0.14374685,0.173722338,0.51491424,3.757618836,0.618485284,0.120532435,0.171483571,2.317764018,74,0,"740",404.5,6,14,25625,1.2,"NG_OS","Invertivore",32.72,23.94,26.2
"Moxostoma breviceps","Moxostoma breviceps",0.419202938,0.103343724,0.28076096,0.4433117,4.003210861,0.542601393,0.213322091,0.139992298,2.658334709,NA,0,"391",390,4,8,20250,3.2,"NG_OS","Invertivore",35.42,24.3,67.88
"Moxostoma carinatum","Moxostoma carinatum",0.413229411,0.168787245,0.212323386,0.515951514,3.452162178,0.531990207,0.165725205,0.146698964,2.69703971,77,0,"770",411,5,29,14581.5,3.35,"NG_OS","Invertivore",35.78,25.5,27.83
"Moxostoma duquesnii","Moxostoma duquesnii",0.292671671,0.219525207,0.184592666,0.603144172,4.209455855,0.541877834,0.209730928,0.18569505,2.901687311,51,0,"510",230,4.5,10,9304.5,2.4,"NG_OS","Invertivore",35.47,25.5,10.14
"Moxostoma erythrurum","Moxostoma erythrurum",0.31061533,0.07719751,0.163034229,0.492648775,4.151472542,0.591858604,0.139738521,0.176040424,2.633902416,78,0,"780",296.5,4,11,15725,2.35,"NG_OS","Invertivore",35.18,25.46,10.17
"Moxostoma macrolepidotum","Moxostoma macrolepidotum",0.331098905,0.162886286,0.142170706,0.427608303,4.049625937,0.512366733,0.176674803,0.163250001,1.941254114,75,0,"750",365,4,14,26631,1.85,"NG_OS","Invertivore",33.04,25.42,18.11
"Mugil cephalus","Mugil cephalus",0.526480263,0.55214628,0.330328947,0.613491776,3.66865027,0.466249087,0.72698662,0.178626792,2.285758323,100,0,"1970",340,3,16,5800000,0.9,"NG_OS","Herbivore-detritivore",NA,27.72,5.19
"Nannoperca oxleyana","Nannoperca oxleyana",0.56081147,0.410945845,0.434116844,0.503428215,2.969897704,0.501240513,0.300961856,0.177670782,2.218184211,8,0,"91",23,0.5,5,1300,0.9,"NG_OS","Invertivore",NA,26.16,1.03
"Nematalosa erebi","Nematalosa erebi",0.342739726,0.481566147,0.282410959,0.547654316,2.342373003,0.37416134,0.322803852,0.183661412,1.983747153,48,0,"470",150,1,5,3e+05,0.42,"NG_OS","Herbivore-detritivore",NA,31.58,5.59
"Neogobius melanostomus","Neogobius melanostomus",0.297320611,0.543404063,0.496183206,0.730706368,4.023622501,0.629741085,0.71641461,0.248505977,1.908822333,25,0,"246",40,3,4,3000,2.5,"G_NS","Invertivore",35.41,22.2,302.95
"Nocomis biguttatus","Nocomis biguttatus",0.25683832,0.309770115,0.381854373,0.561716547,3.568482975,0.591075689,0.254879636,0.168820869,2.386740773,26,0,"260",105,2.5,4,727.5,1.65,"G_NS","Omnivore",33.99,24.7,5.5
"Nocomis micropogon","Nocomis micropogon",0.252472123,0.332189186,0.444603408,0.643583027,4.228283398,0.698953659,0.228603459,0.158098565,2.294693192,33,0,"320",108.5,3,5,700,1.25,"G_NS","Omnivore",34.02,22.96,6.63
"Notemigonus crysoleucas","Notemigonus crysoleucas",0.429694444,0.47798691,0.303794444,0.486819417,3.334368484,0.395879336,0.261053831,0.165396508,2.965019458,30,0,"300",60,2,9,125572.5,1.02,"NG_BH","Omnivore",35.6,26.83,8.54
"Notesthes robusta","Notesthes robusta",0.27775096,0.621904714,0.601625175,0.73152265,2.314704723,0.482956154,0.461180219,0.25417445,NA,30,0,"350",200,2,10,2000,1,"NG_OS","Piscivore",NA,27.04,1.95
"Notropis atherinoides","Notropis atherinoides",0.632200736,0.594858376,0.55483089,0.568281312,5.127935982,0.550661288,0.295185798,0.149678781,2.726114511,13,0,"130",56,1.5,5,4800.5,0.85,"NG_OS","Invertivore",33.55,26.13,41.11
"Notropis blennius","Notropis blennius",0.555585648,0.360294118,0.43754644,0.485308824,4.411863971,0.529422794,0.213235294,0.212495219,2.551493024,13,0,"130",77,2.5,5,2450,0.78,"NG_OS","Invertivore",34.17,27.21,288.92
"Notropis dorsalis","Notropis dorsalis",0.514020366,0.451298122,0.402494917,0.592741784,4.755889671,0.563399061,0.330985915,0.14427774,2.20571941,8,0,"80",62,1.5,4,1137.5,0.91,"NG_OS","Omnivore",34.8,26.03,8.33
"Notropis girardi","Notropis girardi",0.463016082,0.271872316,0.457057202,0.470541834,4.304976598,0.473618245,0.239775974,0.225314147,2.494626094,8,0,"80",24,1.5,4,2129,0.68,"NG_OS","Invertivore",37.91,30.12,20.3
"Notropis greenei","Notropis greenei",0.625825588,0.358737512,0.514542437,0.510548683,5.13485923,0.653999386,0.240535931,0.188988902,3.054161469,8,0,"75",NA,1.5,3,1000,1.11,"NG_OS","Invertivore",NA,27.31,18.61
"Notropis hudsonius","Notropis hudsonius",0.586121929,0.394397688,0.53222249,0.577618018,4.335802447,0.527457146,0.278188792,0.178362481,3.01540197,15,0,"150",67,1.5,5,4499,0.95,"NG_OS","Omnivore",31.21,23.29,22.38
"Notropis jemezanus","Notropis jemezanus",0.511304831,0.567315072,0.464952804,0.539546209,5.002972245,0.628287959,0.222332305,0.141150761,2.500490858,8,0,"75",NA,1,2,NA,1.5,"NG_OS","Invertivore",35.8,29.97,31.96
"Notropis leuciodus","Notropis leuciodus",0.552884459,0.431556014,0.490829567,0.56311308,5.237580516,0.647307708,0.19997474,0.173104477,3.32486315,8,0,"82",37,1.5,3,1000,1.13,"NG_BH","Invertivore",36.81,23.24,5.53
"Notropis lutipinnis","Notropis lutipinnis",0.516551555,0.506248447,0.594723633,0.552795031,3.751552795,0.468984472,0.239149068,0.18355298,2.388367327,8,0,"75",39.65,2,5,800,1.6,"NG_BH","Invertivore",34.88,27.05,4.06
"Notropis micropteryx","Notropis micropteryx",0.54744934,0.481251497,0.469397974,0.504605316,4.910383909,0.541974619,0.285002794,0.139894217,2.781338324,NA,0,"62",NA,1,3,887.5,1.2,"NG_BH","Invertivore",35.94,23.97,8.78
"Notropis photogenis","Notropis photogenis",0.549783178,0.533865213,0.547365084,0.585904968,5.463603929,0.60305388,0.2412222,0.153500643,3.204917646,14,0,"140",62,1.5,3,4500,1.02,"NG_OS","Invertivore",35.64,22.92,7.76
"Notropis shumardi","Notropis shumardi",0.580134755,0.433810612,0.622896953,0.502299634,4.429293535,0.598237004,0.223788797,0.155853675,2.811185793,10,0,"100",41,2,3,1000,1,"NG_OS","Invertivore",35.57,30.2,191.1
"Notropis simus","Notropis simus",0.5073978,0.377222028,0.414465199,0.470593978,3.929895783,0.561411359,0.228389889,0.194915237,2.357479543,10,0,"100",55.25,1,3,1885,0.88,"NG_OS","Omnivore",33.42,29.1,8.33
"Notropis spectrunculus","Notropis spectrunculus",0.553627415,0.289446852,0.482526952,0.469444705,5.748963602,0.644009016,0.22366744,0.15952818,2.965551086,8,0,"75",47,1,3,1000,NA,"NG_OS","Invertivore",NA,21.97,2.36
"Notropis stramineus","Notropis stramineus",0.545412046,0.382686611,0.433057164,0.530547179,4.098217251,0.511484251,0.263745898,0.162641024,2.623525246,8,0,"81",46,1.5,3,1405,0.81,"NG_OS","Omnivore",NA,26.15,9.09
"Notropis telescopus","Notropis telescopus",0.664347465,0.465822347,0.435420446,0.474462099,4.913813989,0.632400351,0.21795825,0.20870442,2.81408461,12,0,"94",45,2,3,1000,1.29,"NG_OS","Invertivore",33.84,25.11,9.06
"Notropis texanus","Notropis texanus",0.596754943,0.454914304,0.39678962,0.504110622,4.131146466,0.508208949,0.282784567,0.186456357,2.52055208,9,0,"86",37.5,2,6,648,0.82,"NG_OS","Herbivore-detritivore",36.19,28.69,11.31
"Notropis volucellus","Notropis volucellus",0.523342476,0.389204387,0.401417697,0.56716108,4.558079537,0.569783571,0.310058387,0.168098617,2.963439017,8,0,"76",32.5,1,3,354.5,0.9,"NG_BH","Omnivore",37,25.22,14.88
"Notropis wickliffi","Notropis wickliffi",0.670189454,0.382279589,0.414996056,0.493378546,4.46689273,0.582374389,0.195558959,0.186355288,2.833925703,NA,0,"78",NA,NA,NA,NA,NA,NA,"Omnivore",NA,26.22,371.48
"Noturus eleutherus","Noturus eleutherus",0.242960806,0.338015503,0.360996561,0.697224123,4.902231525,0.650365289,0.45447817,0.159471416,1.71407658,NA,0,"130",42,2,5,76,1.9,"G_NS","Invertivore",37.91,25.78,32.98
"Noturus flavus","Noturus flavus",0.349859803,0.264218641,0.259227838,0.586166815,5.364153798,0.668075602,0.412320181,0.167163925,1.797630435,31,0,"310",115.5,3.5,9,697,2.65,"G_NS","Invertivore",36.79,25.28,9.19
"Noturus gyrinus","Noturus gyrinus",0.274446036,0.276521888,0.246374816,0.565012387,4.965583889,0.5461886,0.406554792,0.169448411,1.468282046,13,0,"130",48,1.5,4,183,1.8,"G_NS","Invertivore",39.06,27.62,10.07
"Noturus nocturnus","Noturus nocturnus",0.271097744,0.344339476,0.542706767,0.660394517,6.272227938,0.691131689,0.462268367,0.14921107,1.605586843,15,0,"150",70.5,1.5,4.5,100.5,2.25,"G_NS","Invertivore",39.41,29.09,14.37
"Oncorhynchus mykiss","Oncorhynchus mykiss",0.260275693,0.578881876,0.829701106,0.61845685,3.25678348,0.456782981,0.289280095,0.163623674,2.519824397,120,0,"975",234.67,3,11,3862.5,4.38,"NG_BH","Invertivore-piscivore",29.79,20.88,4.46
"Opsopoeodus emiliae","Opsopoeodus emiliae",0.632386747,0.55649195,0.287270226,0.50430507,4.582624517,0.508726434,0.239110162,0.148191858,3.40685381,7,0,"64",49,1.5,3,270,0.93,"G_NS","Omnivore",36.92,29.08,17.03
"Oreochromis mossambicus","Oreochromis mossambicus",0.221400067,0.500847926,0.325302982,0.558858251,2.202916678,0.571703629,0.280433988,0.349541403,2.333975575,39,0,"390",100,0.6,10.67,950,3,"Bearer","Omnivore",39.61,26.67,10.83
"Oxyeleotris lineolata","Oxyeleotris lineolata",0.418052205,0.359965891,0.680380779,0.520187599,5.194266076,0.594465045,0.617204357,0.206586059,2.238214286,45,0,"450",250,3,7,2e+05,1.75,"G_SC","Invertivore-piscivore",NA,31.66,7.24
"Pachychilon pictum","Pachychilon pictum",0.45480303,0.43636652,0.273151515,0.457590199,3.757233828,0.550830837,0.176123987,0.162700916,2.246286371,20,0,"170",NA,NA,NA,NA,NA,"NG_OS","Omnivore",34.87,24.05,29.43
"Parachondrostoma miegii","Parachondrostoma miegii",0.463490795,0.322560554,0.530214084,0.379653979,4.54745098,0.61562476,0.228527489,0.154280719,1.99700085,25,0,"273.5",25,2,NA,1000,1.5,"NG_OS","Herbivore-detritivore",35.53,23.62,3.34
"Parachondrostoma toxostoma","Parachondrostoma toxostoma",0.432179532,0.465760725,0.293643431,0.547940595,4.39650385,0.438372109,0.236337246,0.156697815,2.624828153,30,0,"300",35,3,10,5575,NA,"NG_OS","Omnivore",34.17,23.16,11.86
"Perca flavescens","Perca flavescens",0.388464514,0.401412646,0.598923125,0.487982482,3.652181983,0.47006921,0.329288079,0.179624041,2.606796623,50,0,"500",157.5,3,11,105475,1.85,"NG_BH","Invertivore-piscivore",30.7,22.55,9.67
"Perca fluviatilis","Perca fluviatilis",0.392577779,0.500006853,0.546616713,0.542378805,3.347021011,0.541426241,0.313523663,0.178178311,3.194129342,60,0,"570",122,3,18.5,32706.67,1.82,"G_SC","Invertivore-piscivore",31.79,19.77,4.54
"Percina aurantiaca","Percina aurantiaca",0.41219592,0.27568063,0.502854934,0.560296743,5.14418443,0.531325549,0.468611247,0.17905916,1.793048505,NA,0,"180",102.5,2,4,750,2.1,"NG_BH","Invertivore",34.96,22.2,5.24
"Percina burtoni","Percina burtoni",0.496848517,0.210771141,0.599980259,0.570655498,6.326294038,0.657156359,0.536360941,0.19002638,2.413083004,NA,0,"160",104,2.5,7,800,1.265,"NG_BH","Invertivore",34.94,23.8,7.95
"Percina caprodes","Percina caprodes",0.479622892,0.404940529,0.635883545,0.628528375,5.775148098,0.576084356,0.461919436,0.145956066,2.890723393,18,0,"180",102.5,1.5,4,1600,1.31,"NG_BH","Invertivore",31.93,24.92,15.37
"Percina copelandi","Percina copelandi",0.477850746,0.443383939,0.34458209,0.709400057,6.034443811,0.681753429,0.49459685,0.246038638,2.391304348,7,0,"72",35,1,4,536,1.4,"NG_BH","Invertivore",34.01,26.64,21.92
"Percina evides","Percina evides",0.404089552,0.341169123,0.568343284,0.585306292,5.124446544,0.536442028,0.476760851,0.23605686,2.768284715,10,0,"96",68,2,4,266,1.45,"NG_BH","Invertivore",34.96,24.8,13.73
"Percina macrolepida","Percina macrolepida",0.500318081,0.464994188,0.499762276,0.635069562,6.174931563,0.55999175,0.390122623,0.176974243,2.482690849,11,0,"110",77.5,2,4,275,1.4,"NG_BH","Invertivore",36.35,30.51,18.7
"Percina maculata","Percina maculata",0.542362541,0.372678922,0.557440877,0.549215686,5.436294118,0.578514706,0.392279412,0.177563832,2.900705953,11,0,"110",73,1.5,4,1042.5,1.5,"NG_BH","Invertivore",34.7,24.53,7.78
"Percina phoxocephala","Percina phoxocephala",0.547276906,0.336492208,0.380779635,0.521565625,5.676371498,0.576101252,0.398360508,0.202945723,2.63139722,10,0,"96",45,1,5,1025,1.45,"NG_BH","Invertivore",35.54,27.34,21.28
"Percina sciera","Percina sciera",0.461411023,0.28682921,0.464734902,0.535692706,5.120752544,0.603417895,0.451352574,0.177652092,3.077200213,13,0,"130",51,1,4.5,1040,1.5,"NG_BH","Invertivore",36.4,28.89,15.21
"Percina shumardi","Percina shumardi",0.439712863,0.265235331,0.428965772,0.49908513,4.604824674,0.59230454,0.417899003,0.211034959,NA,8,0,"78",52.5,1,4,800,1.1,"NG_OS","Invertivore",33.45,27.32,136.28
"Percina squamata","Percina squamata",0.467112598,0.363156813,0.725360812,0.557931424,5.847554292,0.568421593,0.479387888,0.192395446,2.100896272,NA,0,"130",NA,2,4,1500,NA,"NG_OS","Invertivore",34.85,22.78,5.72
"Percina williamsi","Percina macrocephala",0.447355255,0.462581477,0.840420855,0.651499716,0.594666474,NA,0.207340317,NA,NA,NA,1,"91",75,2,4,800,1.42,NA,"Invertivore",NA,22.95,5.15
"Percopsis omiscomaycus","Percopsis omiscomaycus",0.405373194,0.22581368,0.317208007,0.498044927,4.78938995,0.780258809,0.227225366,0.203748974,3.416359754,20,0,"200",72.5,1.5,8,1032.5,1.58,"NG_OS","Invertivore",31.02,21,136.97
"Phenacobius crassilabrum","Phenacobius crassilabrum",0.392192289,0.33501663,0.289757899,0.651147426,5.138731528,0.567417949,0.302340416,0.137795386,2.405745923,NA,0,"110",73,1.5,2.8,2000,NA,"G_NS","Invertivore",35.16,21.62,3.16
"Phenacobius mirabilis","Phenacobius mirabilis",0.373708216,0.284658877,NA,0.558431964,4.756886544,0.603279306,0.226709386,0.174021911,2.451021348,12,0,"120",90,2,5,1240,1.28,"NG_OS","Invertivore",37.97,27.69,12.39
"Phenacobius uranops","Phenacobius uranops",0.477940466,0.173533683,0.324863599,0.683657516,7.036396112,0.709709199,0.39846397,0.169172891,3.263229088,12,0,"120",79,1.5,3,2000,NA,"NG_OS","Invertivore",36.26,24.86,11.9
"Philypnodon grandiceps","Philypnodon grandiceps",0.584814692,0.556163697,0.589157558,0.615209105,5.898038854,0.716695462,NA,NA,2.382077808,12,0,"120",42,1,3,2000,1.5,"G_SC","Invertivore",NA,24.57,2.04
"Philypnodon macrostomus","Philypnodon grandiceps",0.584814692,0.556163697,0.589157558,0.615209105,0.716695462,NA,NA,NA,NA,NA,1,"50",25,1,3,250,0.7,"G_SC","Invertivore",NA,25.13,1.34
"Phoxinus bigerri","Phoxinus phoxinus",0.476713074,0.189093023,0.386127613,0.454790698,0.512813953,NA,0.145108122,NA,NA,NA,1,"81",50,2,8,2290,1.35,"NG_OS","Invertivore",33.1,21.86,5.08
"Phoxinus phoxinus","Phoxinus phoxinus",0.476713074,0.189093023,0.386127613,0.454790698,5.291162791,0.512813953,0.294453488,0.145108122,2.864294591,14,0,"140",50,2,8,2290,1.35,"NG_OS","Omnivore",29.52,18.24,5.59
"Pimephales notatus","Pimephales notatus",0.458908922,0.354958525,0.349098526,0.529953917,4.549617512,0.534582949,0.216785714,0.126774216,2.750049938,11,0,"110",49.75,1,4,2650,1.06,"G_NS","Omnivore",34.76,24.99,9.68
"Pimephales promelas","Pimephales promelas",0.590588117,0.427274563,0.37024939,0.499886244,4.793848195,0.636666015,0.213797501,0.161043194,2.482384123,10,0,"100",55,1.15,6,5382,1,"G_NS","Omnivore",34.49,25.4,5.55
"Pimephales vigilax","Pimephales vigilax",0.487987952,0.456046247,0.386012048,0.607769556,4.293308881,0.586568293,0.282704716,0.183721189,2.600928261,9,0,"89",50,1,5,710,1.1,"G_NS","Omnivore",37.46,29.49,19.99
"Platichthys flesus","Platichthys flesus",0.320122103,0.51860754,0.395850984,0.610478062,2.239534821,0.30865788,0.464029012,0.137147459,2.357198818,60,0,"550",170,2.75,15,1125000,1.1,"NG_OS","Invertivore",32.75,19.27,4.42
"Poecilia reticulata","Poecilia reticulata",0.584171753,0.807199679,0.36811734,0.659657349,3.86705408,0.548578675,0.45266202,0.149295456,1.692986634,6,0,"60",16,0.3,1,30,1.65,"Bearer","Omnivore",39.76,25.82,11.32
"Polyodon spathula","Polyodon spathula",0.388798331,0.360698597,0.536784682,0.56573728,6.777881589,0.37708989,0.221438172,0.109281629,4.379741505,221,0,"2210",1295,8.5,30,541150,2.95,"NG_OS","Invertivore",34.48,28.67,146.49
"Pomoxis annularis","Pomoxis annularis",0.437037037,0.448093767,0.5383,0.459940079,2.66638235,0.483815476,0.294835359,0.218336949,2.588013511,53,0,"530",150,2.5,13,164288.5,0.85,"G_NS","Invertivore-piscivore",31.91,27.82,13.63
"Pomoxis nigromaculatus","Pomoxis nigromaculatus",0.344596161,0.502919306,0.633842782,0.518641217,2.141887124,0.439424956,0.335282932,0.207328124,2.499158356,49,0,"490",150,2.5,13,95500,0.97,"G_NS","Invertivore-piscivore",35.21,26.2,13.34
"Ponticola kessleri","Ponticola kessleri",0.301847685,0.59088589,0.690066135,0.782304661,5.302394904,0.748637171,0.644643623,0.19522075,2.441021584,22,0,"220",84,2,NA,825,NA,"G_SC","Invertivore-piscivore",34.03,21.27,75.22
"Porochilus rendahli","Porochilus rendahli",0.373249315,0.456795128,0.268130302,0.509351786,4.755646895,0.42338512,0.258786153,0.103934901,0,20,0,"240",110,1,4,1000,1.3,"NG_OS","Invertivore",NA,31.47,5.01
"Proterorhinus semilunaris","Proterorhinus semilunaris",0.349765636,0.476977486,0.552976379,0.724972731,4.820905351,0.757464735,0.571883397,0.222763531,2.042634775,NA,0,"95",40,1.5,5,100,1.3,"G_NS","Invertivore",NA,21.49,82.92
"Pseudomugil mellis","Pseudomugil signifer",0.732767857,0.644360219,0.511410714,0.518817624,0.513917057,NA,0.200663782,NA,NA,NA,1,"43",9,0.3,2,125,1.2,"NG_OS","Herbivore-detritivore",NA,27.33,0.96
"Pseudomugil signifer","Pseudomugil signifer",0.732767857,0.644360219,0.511410714,0.518817624,3.876659906,0.513917057,0.615048593,0.200663782,2.772148541,7,0,"80",24,0.5,2,75,1.4,"NG_OS","Invertivore",NA,27.07,1.83
"Pseudorasbora parva","Pseudorasbora parva",0.46969697,0.586216929,0.285878788,0.581906621,4.745648744,0.568960612,0.275859691,0.145461399,2.344880492,11,0,"123",34.5,1,5,2235,1.42,"G_SC","Omnivore",33.5,22.55,19.24
"Pungitius pungitius","Pungitius pungitius",0.547368421,0.518242705,0.427452632,0.507155518,5.04464615,0.565065845,0.474768323,0.155576596,6.947578947,9,0,"90",54.5,1.5,4,178,1.23,"G_NS","Invertivore",28.36,19.74,6.78
"Pylodictis olivaris","Pylodictis olivaris",0.291049242,0.413166319,0.346359848,0.611500816,5.056725809,0.540694424,0.318137226,0.15538586,2.055963225,155,0,"1550",341.5,4.5,24,52038,3.25,"G_NS","Piscivore",37.59,28.11,20.21
"Redigobius bikolanus","Redigobius bikolanus",0.450424274,0.449641467,0.41571098,0.609119262,3.57023126,0.65384971,0.56677623,0.228959464,1.66694762,4,0,"42",20,0.8,3,1500,0.3,"G_SC","Invertivore",39.83,27.76,8.68
"Retropinna semoni","Retropinna semoni",0.507198667,0.614536945,0.607021565,0.644816338,5.632208197,0.680683591,0.193050631,0.148141527,2.998392031,10,0,"100",33,0.5,2,1000,0.73,"NG_OS","Invertivore",NA,25.92,2.76
"Rhadinocentrus ornatus","Rhadinocentrus ornatus",0.496855142,0.553593226,0.484243289,0.435421117,3.904247406,0.588266707,0.516611993,0.204323242,2.387669774,6,0,"80",18,0.8,4,150,1.25,"NG_OS","Invertivore",NA,25.7,1.3
"Rhinichthys atratulus","Rhinichthys atratulus",0.452439846,0.344501988,0.397283022,0.571343077,5.437357579,0.588317285,0.36548126,0.171886715,2.019528178,12,0,"100",72,2,4,4757.5,1.5,"NG_BH","Omnivore",33.68,22.51,5.32
"Rhinichthys cataractae","Rhinichthys cataractae",0.27603937,0.325227642,0.476622047,0.638211382,4.932028455,0.516260163,0.353682927,0.202798367,2.297395749,22,0,"178",75,2,5,1140.5,1.6,"NG_BH","Invertivore",31.85,21.71,5.19
"Rhodeus amarus","Rhodeus amarus",0.509007617,0.384101293,0.378283554,0.460064888,2.460751434,0.3342143,0.250959949,0.135593304,2.319255319,10,0,"97.5",32.5,1,5.1,114.5,2.8,"Bearer","Omnivore",34.1,21.67,17.62
"Rhodeus sericeus","Rhodeus sericeus",0.494956238,0.432248832,0.326274028,0.507015187,2.740703271,0.397224299,0.27571028,0.182189833,2.199991111,11,0,"105",36.67,2.33,5,126,2.81,"NG_BH","Omnivore",31.8,22.43,23.43
"Rutilus rutilus","Rutilus rutilus",0.495975923,0.375354359,0.415533227,0.454568915,3.120089052,0.396746834,0.272767541,0.161648046,3.816784511,50,0,"506.67",135,3.5,17,54426.67,1.28,"NG_OS","Omnivore",30.71,19.91,5.23
"Salaria fluviatilis","Salaria fluviatilis",0.255084507,0.345336634,0.543676056,0.730257426,4.696455446,0.702970297,0.582831683,0.189361263,2.399029522,15,0,"150",10,1,5,725,1,"G_NS","Invertivore",34.96,25.03,6.28
"Salmo salar","Salmo salar",0.20859375,0.424334804,0.81703125,0.467510023,3.956530893,0.421093263,0.244620095,0.124212585,3.076443168,150,0,"1500",685,6.5,14,10500,6,"NG_BH","Invertivore-piscivore",31.1,17.25,5.09
"Salmo trutta","Salmo trutta",0.309869711,0.490952251,0.788827395,0.58732926,4.142802662,0.405012258,0.262271861,0.126765961,2.714961744,100,0,"1200",174.67,3,28.67,5087.5,4.21,"NG_BH","Invertivore-piscivore",29.46,19.17,3.77
"Salvelinus alpinus","Salvelinus alpinus",0.271921287,0.54224371,0.747663551,0.640026718,4.256032317,0.477158943,0.324259677,0.168286183,2.865442308,107,0,"1070",382.5,3.75,40,2871,4.6,"NG_BH","Invertivore-piscivore",24.85,12.25,3.44
"Salvelinus fontinalis","Salvelinus fontinalis",0.320154569,0.56764812,0.937220636,0.6354576,3.471882099,0.438863261,0.277230417,0.153272033,2.280604817,86,0,"807.5",233.33,3.17,12.67,2852.75,4.31,"NG_BH","Invertivore-piscivore",29.57,18.87,2.75
"Sander canadensis","Sander canadensis",0.347475989,0.342916634,0.812139047,0.491267055,5.08365374,0.53014187,0.252316637,0.14582914,2.781518148,76,0,"760",266.5,3.5,13,117104,1.25,"NG_OS","Piscivore",32.29,25.28,196.81
"Sander lucioperca","Sander lucioperca",0.493332767,0.228995964,0.653749788,0.388211694,4.436274074,0.380940055,0.34755846,0.146019498,3.388258784,100,0,"1275",366.67,3.67,17.33,277500,1.19,"G_NS","Piscivore",34.4,21.07,8.18
"Sander vitreus","Sander vitreus",0.404434821,0.346393314,0.744350786,0.514283368,4.535254447,0.485716632,0.417830685,0.140581441,2.900798477,107,0,"1070",379.5,4.5,29,319000,1.95,"NG_OS","Piscivore",33.24,24.18,16.82
"Sarmarutilus rubilio","Sarmarutilus rubilio",0.481140673,0.463005154,0.357998127,0.537126999,3.441458967,0.417634465,0.263480904,0.187417632,2.241986673,25,0,"269",61,1.25,6,12004,1.3,"NG_OS","Omnivore",NA,25.52,4.97
"Scaphirhynchus platorynchus","Scaphirhynchus platorynchus",0.299085821,0.159404118,NA,0.697987161,12.1152202,0.776732795,0.391264654,0.139736973,4.861384615,100,0,"1000",450,5.75,12,40000,2.535,"NG_OS","Invertivore",35.99,28.37,387.65
"Scardinius erythrophthalmus","Scardinius erythrophthalmus",0.411987001,0.494324335,0.277442028,0.521564013,2.792467963,0.398127821,NA,NA,3.337770122,51,0,"507.5",72.67,2.33,18,177500,1.36,"NG_OS","Omnivore",34.94,20.78,6.52
"Semotilus atromaculatus","Semotilus atromaculatus",0.218166096,0.289871763,0.469134933,0.509366999,4.114935411,0.565369809,0.266353769,0.160649081,2.205653534,30,0,"300",65,1.5,7,4327,1.55,"G_NS","Invertivore-piscivore",34.58,24.79,5.87
"Silurus glanis","Silurus glanis",0.210233364,0.526157027,0.379009648,0.57179471,5.83994642,0.511623001,0.423543433,0.106003825,2.200067986,500,0,"4166.67",600,3,55,396000,2.17,"G_SC","Piscivore",36.15,21.93,22.86
"Squalius cephalus","Squalius cephalus",0.359761796,0.532037571,0.46206342,0.608186863,3.572677392,0.356574909,0.344020273,0.172295685,2.6003,85,0,"633.33",171,3,15,74475,1.37,"NG_OS","Omnivore",34.8,21.08,8.88
"Squalius laietanus","Squalius cephalus",0.359761796,0.532037571,0.46206342,0.608186863,0.356574909,NA,0.172295685,NA,NA,NA,1,"201",171,3,15,74475,1.37,"NG_OS","Omnivore",35.82,25.06,4.36
"Tandanus tandanus","Tandanus tandanus",0.288607032,0.296681489,0.171647667,0.573341784,4.512010639,0.606994431,0.316900091,0.174381494,2.984844869,90,0,"900",300,4,12,20000,2.5,"G_NS","Invertivore",NA,27.08,3.45
"Telestes souffia","Telestes souffia",0.4,0.49956701,0.476683333,0.580587629,4.824742268,0.618556701,0.216412371,0.158638889,2.966597256,25,0,"230",30,3,NA,5500,2,"NG_OS","Invertivore",33.18,22.53,8.65
"Thymallus thymallus","Thymallus thymallus",0.432042983,0.469727328,0.5407018,0.62623673,4.758397322,0.429672819,0.314898013,0.161065146,3.632745098,60,0,"566.67",151.5,2.5,12,10333.33,2.67,"NG_BH","Invertivore",29.11,16.95,7.04
"Tinca tinca","Tinca tinca",0.2064545,0.41207078,0.359415061,0.520095421,2.757112832,0.464568644,0.231055269,0.185072694,1.514897675,70,0,"745",227.67,3.5,26.67,430000,1.03,"NG_OS","Omnivore",34.34,20.97,5.97
"Trachystoma petardi","Trachystoma petardi",NA,NA,NA,NA,NA,NA,NA,NA,NA,81,0,"810",360,4,14,NA,NA,NA,"Herbivore-detritivore",NA,25.59,1.32
"Umbra limi","Umbra limi",0.51628033,0.434617939,0.461855577,0.505221803,4.190592275,0.547628637,0.240270064,0.163310351,1.796131531,14,0,"140",71.5,2,9,1243,1.4,"NG_BH","Invertivore",37.68,22.39,8.37
"Xiphophorus hellerii","Xiphophorus hellerii",0.526537503,0.599908497,0.26394899,0.491299792,3.055352215,0.450197028,0.374212259,0.183575136,2.027010958,16,0,"140",50.8,0.88,3,1320,NA,"Bearer","Omnivore",NA,26.39,10.07
"Xiphophorus maculatus","Xiphophorus maculatus",0.508052221,0.6084867,0.278401822,0.533869036,2.352267393,0.399780021,NA,NA,1.856052548,6,0,"60",20.33,0.45,2.67,50,NA,"Bearer","Omnivore",38.07,27.76,11.96
