Species;Species_used_for_morpho;EdHd;MoBd;JlHd;EhBd;BlBd;HdBd;PFiBd;PFlBl;CFdCPd;Length
Abramis brama;Abramis brama;0.397435897;0.582905087;0.193730769;0.636374818;2.587183093;0.417105608;0.427800624;0.18413182;3.228958661;82
Acanthopagrus australis;Acanthopagrus butcheri;0.257335892;0.312709677;0.399996002;0.506912442;2.387663594;0.461087558;0.387096774;0.381928615;2.425312232;60
Achondrostoma arcasii;Achondrostoma arcasii;0.383017098;0.359907758;0.392035207;0.434414978;3.492962902;0.507366533;0.206647267;0.189963951;2.959343127;10.4
Alburnoides bipunctatus;Alburnoides bipunctatus;0.623262053;0.488984023;0.580383492;0.525739563;3.512796769;0.451359456;0.268386674;0.204675647;3.342143807;16
Alburnus alburnus;Alburnus alburnus;0.540985824;0.559971056;0.441100168;0.559971056;4.253526855;0.429576461;0.2766026;0.152191702;1.942321838;25
Alosa agone;Alosa fallax;0.367743118;0.555970246;0.888030782;0.590447952;3.632911556;0.470426748;0.193937095;0.135772914;3.687010528;60
Alosa chrysochloris;Alosa chrysochloris;0.39763413;0.642865555;0.737591048;0.652789513;3.794577156;0.561015951;0.18814041;0.146598491;2.570926861;50
Ambassis agassizii;Ambassis agassizii;0.496479313;0.604274606;0.555532408;0.510690673;2.758243586;0.598802445;0.307522142;0.230217237;2.792177326;8
Ambassis marianus;Ambassis marianus;0.527202703;0.499904068;0.368851351;0.430526243;2.724461056;0.567915826;0.338685045;0.117670423;2.660641509;10
Ambloplites rupestris;Ambloplites rupestris;0.385614211;0.417820293;0.497698274;0.524442688;2.514466546;0.607382193;0.342235628;0.196628382;2.313312287;43
Ameiurus brunneus;Ameiurus brunneus;0.346760551;0.306917386;0.458255224;0.530260362;4.230844064;0.559919101;0.32942065;0.165453434;1.978334006;29
Ameiurus melas;Ameiurus melas;0.210539107;0.404241848;0.326590325;0.48507337;4.10148913;0.570236413;0.389497283;0.157155275;2.213600411;66
Ameiurus natalis;Ameiurus natalis;0.21082667;0.576156738;0.45424942;0.685748816;5.294514852;0.687800064;0.300934704;0.161264652;1.885352967;47
Ameiurus nebulosus;Ameiurus nebulosus;0.268012891;0.345555201;0.503887887;0.463754674;3.969638561;0.490174198;0.347816005;0.153249389;1.839310528;55
Amia calva;Amia calva;0.239979202;0.426656985;0.98276816;0.566364057;4.835800737;0.564385118;0.203431917;0.125053001;1.36475708;109
Ammocrypta clara;Ammocrypta clara;0.590915319;0.157762307;0.659975336;0.425466729;7.183510638;0.570869837;0.425466729;0.14737824;1.933787808;7
Amniataba percoides;Amniataba percoides;0.518725926;0.276024412;0.388874074;0.43855936;2.598045877;0.405856357;0.312160659;0.195897189;2.608495982;18
Anguilla anguilla;Anguilla anguilla;0.249665422;0.720516313;0.394942594;0.821233167;16.2191429;0.634091873;0.604546774;0.04466753;0;133
Anguilla australis;Anguilla australis;0.311512112;0.500616174;0.374647383;0.573910584;11.91949332;0.451180832;0.573910584;0.037081167;0;130
Anguilla reinhardtii;Anguilla reinhardtii;0.292541908;0.386335896;0.593610915;0.487382522;8.025158672;0.366791773;0.52447211;0.065195694;0;200
Anguilla rostrata;Anguilla rostrata;0.31401802;0.152306862;1.064214618;0.32608484;16.53261822;0.393905601;0.577587199;0.037438892;0;152
Aphredoderus sayanus;Aphredoderus sayanus;0.321428571;0.572288456;0.287946429;0.581351168;3.188930891;0.542793448;0.409644276;0.179561218;2.404761905;14
Aplodinotus grunniens;Aplodinotus grunniens;0.381944444;0.221978663;0.545482639;0.437381228;2.771378151;0.42003019;0.410993707;0.223393187;2.734042553;95
Arrhamphus sclerolepis;Arrhamphus sclerolepis;0.634146341;0.543557005;0.526512195;0.517951565;6.589369232;0.569009784;0.697411699;0.130548424;3.875;36
Astyanax mexicanus;Astyanax mexicanus;0.440611385;0.516996332;0.262159846;0.493886355;2.803642439;0.480657768;0.141085866;0.148993573;2.981330328;12
Atherina presbyter;Atherina boyeri;0.550913043;0.772539198;0.536231884;0.725472123;4.808936533;0.691278866;0.725472123;0.177388105;3.428571429;20
Awaous acritosus;Awaous ocellaris;0.259216057;0.457224137;0.673980263;0.706078013;4.475135401;0.590940423;0.49408611;0.139384604;2.083200476;13
Barbatula barbatula;Barbatula barbatula;0.30066;0;NA;0.489219782;6.724161164;0.673763644;0;0.144789579;1.754811321;21
Barbatula quignardi;Barbatula barbatula;0.30066;0;NA;0.489219782;6.724161164;0.673763644;0;0.144789579;1.754811321;21
Barbus barbus;Barbus barbus;0.23787234;0;0.298638298;0.371264757;4.068372397;0.388291764;0.239724726;0.155661105;2.304620804;120
Barbus haasi;Barbus haasi;0.333333333;0.31583474;0.402466667;0.577246748;4.180501878;0.489902564;0.352392358;0.184914063;2.500125;30
Barbus meridionalis;Barbus meridionalis;0.369288025;0.389645339;0.424999824;0.627147112;4.429396308;0.529538889;0.303137527;0.195501026;2.20932337;25
Blicca bjoerkna;Blicca bjoerkna;0.503950374;0.36573788;0.331276177;0.459238245;2.485815404;0.354092467;0.308156845;0.17880226;2.999490653;36
Campostoma anomalum;Campostoma anomalum;0.2304875;0.204529035;0.4791;0.540899385;4.069878145;0.642188579;0.22954228;0.153619026;2.45290566;22
Campostoma oligolepis;Campostoma oligolepis;0.2075996;0.110064891;0.463607179;0.433969409;3.998786899;0.609792104;0.188743188;0.129409461;2.269095928;22
Carassius auratus;Carassius auratus;0.27027027;0.327172908;0.254972973;0.42197838;2.645995456;0.396870089;0.238048758;0.175272227;2.016162906;59
Carassius carassius;Carassius carassius;0.324293648;0.459792912;0.278568244;0.532474758;2.081192046;0.381243561;0.267530394;0.185643105;1.638903004;64
Carassius gibelio;Carassius gibelio;0.45980479;0.46399493;0.441120659;0.516476304;2.438314942;0.422883904;0.238702184;0.194932843;2.102632479;45
Carpiodes carpio;Carpiodes carpio;0.324786325;0.144056636;0.384136752;0.383156927;3.337676726;0.407628577;0.157679095;0.167496868;2.607196429;64
Carpiodes cyprinus;Carpiodes cyprinus;0.345323741;0.152401953;0.235985612;0.438339662;2.958886063;0.489619365;0.092788153;0.191733432;2.748488331;66
Carpiodes velifer;Carpiodes velifer;0.38966268;0.315598876;0.435958546;0.417264842;2.456127009;0.397542365;0.110083506;0.179895343;1.652119685;50
Catostomus commersonii;Catostomus commersonii;0.308510638;0.075563026;NA;0.500010462;4.477789325;0.65561422;0.171247829;0.186912394;2.546542274;65
Chelon labrosus;Chelon labrosus;0.421724147;0.495619266;0.21572883;0.534372112;3.918653099;0.392515837;0.617923579;0.168065876;3.044644887;75
Chelon ramada;Chelon ramada;0.333333333;0.623279002;0.360490196;0.52997701;4.34066076;0.439128975;0.573287182;0.140881139;2.681247434;70
Chondrostoma nasus;Chondrostoma nasus;0.363636364;0.321312998;0.313872727;0.468442813;3.959408526;0.418782789;0.276320498;0.15578047;2.31372549;50
Cobitis taenia;Cobitis taenia;0.286353167;0;NA;0.618919452;6.750121118;0.802443882;0.161490015;0.114149461;1.9990005;14
Coregonus albula;Coregonus albula;0.59387889;0.552868056;0.649809399;0.552868056;4.479430556;0.4445;0.267979167;0.150450051;2.909159074;45
Cottus bairdii;Cottus bairdii;0.385627806;0.435251994;0.577723645;0.75187192;4.560691045;0.748890462;0.75187192;0.298745377;2.676038174;15
Cottus carolinae;Cottus carolinae;0.538563346;0.358147097;0.757011768;0.663106033;4.620302101;0.692045246;0.59219103;0.286074536;2.316485951;18
Cottus gobio;Cottus gobio;0.402236592;0.5019123;0.490233659;0.702836958;5.987026227;0.779231573;0.497334468;0.229832325;2.699277598;18
Cottus poecilopus;Cottus poecilopus;0.329981551;0.433467825;0.868717169;0.680627033;4.91996377;0.730855531;0.467701429;0.25230542;2.602694192;15
Craterocephalus marjoriae;Craterocephalus marjoriae;0.610774049;0.323849984;0.499762864;0.454902979;3.803013435;0.610609859;0.647504627;0.157448505;1.712873238;8
Craterocephalus stercusmuscarum;Craterocephalus stercusmuscarum;0.616854227;0.43639795;0.384244962;0.374733386;5.209170398;0.640040648;0.549330534;0.121343863;3.416409317;7
Ctenopharyngodon idella;Ctenopharyngodon idella;0.332973401;0.498654092;0.498369612;0.519795173;4.021924084;0.364372974;0.304157707;0.191398274;2.35595279;150
Cycleptus elongatus;Cycleptus elongatus;0.274193548;0;0.210290323;0.314704258;4.248591938;0.402767402;0.158177153;0.148441836;1.934759881;93
Cyprinella galactura;Cyprinella galactura;0.405388971;0.389543416;0.500608083;0.465020717;4.145951222;0.505136484;0.17918649;0.166260006;2.417013423;15
Cyprinella lutrensis;Cyprinella lutrensis;0.509870558;0.32721418;0.44082163;0.431196217;3.479371938;0.458913598;0.206441166;0.192250141;3.221512519;9
Cyprinella spiloptera;Cyprinella spiloptera;0.403492845;0.553650553;0.42249648;0.553650553;3.696972329;0.471444611;0.19916508;0.171389262;2.716643102;12
Cyprinella venusta;Cyprinella venusta;0.490818503;0.477607597;0.4390022;0.52538652;4.506285107;0.586050109;0.215064726;0.157524414;2.698508362;19
Cyprinodon pecosensis;Cyprinodon pecosensis;0.409638095;0.490224405;0.278152381;0.534131017;2.849703418;0.594863776;0.260975237;0.189877218;1.63859062;5
Cyprinus carpio;Cyprinus carpio;0.182045455;0.307949315;0.346172727;0.510936185;3.481135273;0.48104781;0.258020926;0.178656382;2.637145238;120
Dicentrarchus labrax;Dicentrarchus labrax;0.4338853;0.468574271;0.709390779;0.572333247;4.256795571;0.588541396;0.364789342;0.128637131;2.482610395;103
Dorosoma cepedianum;Dorosoma cepedianum;0.378720949;0.444745653;0.329398187;0.478791768;2.779845316;0.274628915;0.287958974;0.180492429;3.314939167;57
Dorosoma petenense;Dorosoma petenense;0.416666667;0.521677715;0.220087963;0.540722766;2.98532351;0.422007702;0.248845828;0.182166943;2.6905;22
Erimystax insignis;Erimystax insignis;0.482116533;0.211963876;0.264993405;0.543456047;5.548786213;0.71192245;0.315612141;0.173948317;3.22195734;NA
Esox americanus;Esox americanus;0.372370968;0.640558211;1.327096774;0.744244822;6.450195044;0.681281248;0.155782649;0.088356048;2.237455965;39
Esox lucius;Esox lucius;0.279515059;0.485175825;1.387489313;0.620001726;6.775381516;0.673753952;0.130070594;0.102102069;3.020697936;150
Esox masquinongy;Esox masquinongy;0.294387285;0.446873451;1.314136387;0.566998037;6.598839229;0.546651367;0.072206675;0.091179772;2.723833544;183
Etheostoma asprigene;Etheostoma asprigene;0.514634511;0.484007041;0.428283432;0.59948383;4.424318551;0.580929901;0.416156702;0.214599498;1.789339988;7
Etheostoma blennioides;Etheostoma blennioides;0.397856401;0.166635401;0.33812632;0.594983726;5.840450977;0.690483337;0.508732519;0.284115291;2.141547981;17
Etheostoma caeruleum;Etheostoma caeruleum;0.44752457;0.422691676;0.471627613;0.603726159;3.909328028;0.480023999;0.393179235;0.268192561;2.853544118;8
Etheostoma camurum;Etheostoma camurum;0.372253099;0.432487009;0.422749576;0.608106245;4.293670485;0.592744214;0.415574302;0.218392207;1.57136395;8
Etheostoma chlorobranchium;Etheostoma chlorobranchium;0.343838081;0.441680504;0.424514539;0.689274372;4.085016686;0.569112834;0.477123603;NA;1.667593014;11
Etheostoma cinereum;Etheostoma cinereum;0.472336874;0.263171801;0.420622155;0.617802482;5.142824989;0.644889811;0.459476651;0.192192718;1.656722193;NA
Etheostoma exile;Etheostoma exile;0.507950352;0.375217039;0.421133848;0.573609863;5.410309656;0.650242996;0.474544328;0.247037081;3.028297082;7
Etheostoma flabellare;Etheostoma flabellare;0.3877;0.374191108;0.375;0.506646762;4.08668486;0.540387187;0.43230975;0.249783058;2.329290943;8
Etheostoma jessiae;Etheostoma jessiae;0.429079965;0.302096265;0.532065895;0.613665657;5.794951883;0.704166436;0.429129469;0.248874595;2.850538538;7
Etheostoma kennicotti;Etheostoma kennicotti;0.426221506;0.427330317;0.520056252;0.564497738;4.692328054;0.58399095;0.423174208;0.225814835;2.277222699;8
Etheostoma nigrum;Etheostoma nigrum;0.435857143;0.381173652;0.427396825;0.603186296;4.962818447;0.5100017;0.440641469;0.220234173;2.640049991;7
Etheostoma rufilineatum;Etheostoma rufilineatum;0.399897848;0.410569315;0.55579549;0.62301357;4.574696388;0.568183321;0.488740807;0.208174842;1.311921168;8
Etheostoma swannanoa;Etheostoma swannanoa;0.392765092;0.301493234;0.345240787;0.570765282;4.205786281;0.515982268;0.429234718;0.236674803;2.005704971;9.6
Etheostoma tennesseense;Etheostoma tennesseense;0.386298608;0.432656699;0.306946072;0.669084316;4.087219755;0.563901225;0.424051508;NA;2.735749904;NA
Etheostoma vulneratum;Etheostoma vulneratum;0.353451399;0.501845334;0.319225113;0.65168402;4.359302439;0.573434521;0.483196461;0.205470504;1.782876769;8.1
Etheostoma zonale;Etheostoma zonale;0.34132;0.411331402;0.364005;0.629249415;4.254642886;0.5576203;0.410796087;0.227598296;2.696435173;8
Fundulus catenatus;Fundulus catenatus;0.510178052;0.358459621;0.278501097;0.522369984;4.826870829;0.572009724;0.375528571;0.150958363;1.83740391;20
Fundulus diaphanus;Fundulus diaphanus;0.538680769;0.479214184;0.172003846;0.58715416;4.689666284;0.594206939;0.424298036;0.167607131;2.089562069;13
Fundulus notatus;Fundulus notatus;0.563897857;0.681734649;0.286430049;0.608912781;3.961130538;0.516458401;0.397410717;0.162060352;2.020754127;8
Fundulus zebrinus;Fundulus zebrinus;0.445132448;0.558563407;0.18523352;0.659712906;4.273502076;0.578589273;0.412253291;0.135350486;1.718153404;8
Gambusia affinis;Gambusia affinis;0.580510957;0.635737221;0.322145956;0.544961563;4.183563996;0.545043593;0.464943633;0.203100698;1.874924668;7
Gambusia holbrooki;Gambusia holbrooki;0.536846012;0.57047554;0.280091554;0.510377053;3.218928148;0.464835915;0.480104957;0.198412574;2.181679666;8
Gasterosteus aculeatus;Gasterosteus aculeatus;0.636972122;0.503115726;0.437594711;0.55274761;4.156269684;0.570325752;0.488282703;0.167548242;3.961562315;11
Glossamia aprion;Glossamia aprion;0.468682484;0.325845897;0.806031522;0.448447578;2.565972858;0.510890354;0.428289487;0.214575982;2.516675435;18
Gobio gobio;Gobio gobio;0.441565619;0.173043232;0.298397321;0.577226902;4.762858911;0.645405621;0.149628107;0.188987027;1.980330344;20
Gobio lozanoi;Gobio lozanoi;0.453194952;0.243813835;0.206579198;0.565760778;4.067150532;0.558186245;0.216085034;0.192817962;2.564901738;12
Gobio occitaniae;Gobio gobio;0.441565619;0.173043232;0.298397321;0.577226902;4.762858911;0.645405621;0.149628107;0.188987027;1.980330344;20
Gobiomorphus australis;Gobiomorphus australis;0.55719713;0.384272514;0.419186421;0.420458756;4.446102372;0.505361133;0.560039072;0.139461769;1.874086181;18
Gobiomorphus coxii;Gobiomorphus australis;0.55719713;0.384272514;0.419186421;0.420458756;4.446102372;0.505361133;0.560039072;0.139461769;1.874086181;18
Gymnocephalus cernua;Gymnocephalus cernua;0.38019604;0.407016505;0.409782324;0.64738846;4.052312466;0.622727598;0.365360471;0.178858492;3.997734617;25
Hiodon alosoides;Hiodon alosoides;0.552563812;0.496686224;0.581852535;0.490035714;3.598696429;0.517107143;0.265329082;0.200002268;2.35770853;52
Hiodon tergisus;Hiodon tergisus;0.518317472;0.555241849;0.527138944;0.534883163;3.22408072;0.476746011;0.232627095;0.173640555;2.389416329;47
Hybognathus nuchalis;Hybognathus nuchalis;0.487453947;0.36422441;0.363901316;0.51302591;4.155014628;0.491360778;0.250028286;0.188111563;2.192302422;18
Hybognathus placitus;Hybognathus placitus;0.389530192;0.313039343;0.38854777;0.510220493;4.159109382;0.492883701;0.265317769;0.159188858;2.017136407;13
Hybopsis amblops;Hybopsis amblops;0.66489398;0.383831823;0.511327665;0.5866397;4.487894535;0.606271221;0.283507042;0.183366502;2.513909429;10
Hypentelium nigricans;Hypentelium nigricans;0.392110668;0.085863689;NA;0.626671919;4.921009516;0.736614661;0.197764496;0.199559643;2.555307123;61
Hypophthalmichthys molitrix;Hypophthalmichthys molitrix;0.314380608;0.551897427;0.355937805;0.486083791;3.332838854;0.395489567;0.313926665;0.208885865;2.623367121;105
Hypophthalmichthys nobilis;Hypophthalmichthys nobilis;0.203676296;0.678390889;0.683956029;0.507559619;3.414213005;0.509615052;0.329180245;0.205733211;2.848572884;112
Hypseleotris compressa;Hypseleotris compressa;0.442360435;0.493088736;0.316535433;0.52792715;2.92755514;0.498201661;0.458937922;NA;2.51258892;12
Hypseleotris galii;Hypseleotris galii;0.575223554;0.516525643;0.503947869;0.49411735;4.512351673;0.53023291;0.422970707;NA;2.152899824;6
Hypseleotris klunzingeri;Hypseleotris klunzingeri;0.430350119;0.486774327;0.429131043;0.523078995;3.723489737;0.690428361;0.465058862;NA;2.263981144;6
Ictalurus furcatus;Ictalurus furcatus;0.375399827;0.426891171;0.193244409;0.560972041;4.508068327;0.459405325;0.382099991;0.141592322;4.113898051;165
Ictalurus punctatus;Ictalurus punctatus;0.324100187;0.488390593;0.247652458;0.610576951;4.242870388;0.461683521;0.324333682;0.140295608;3.196117814;132
Ictiobus bubalus;Ictiobus bubalus;0.342734255;0.172781798;0.156460145;0.375575795;2.769376615;0.423947788;0.110580351;0.175652372;2.720124909;112
Ictiobus cyprinellus;Ictiobus cyprinellus;0.236382302;0.517014502;0.289722025;0.574395286;3.271618476;0.57477517;0.156740724;0.233957069;2.44818184;123
Ictiobus niger;Ictiobus niger;0.183521923;0.173701465;NA;0.457732368;3.136200032;0.583906342;0.161981981;0.170484405;2.900035806;123
Kuhlia rupestris;Kuhlia rupestris;0.373605846;0.52490001;0.637899017;0.570299941;2.655421383;0.499289512;0.389402477;0.186832259;2.773835634;45
Labidesthes sicculus;Labidesthes sicculus;0.628565998;0.559578758;0.486533503;0.471497705;6.972761485;0.644562285;0.528515611;0.157045455;3.546281655;13
Leiopotherapon unicolor;Leiopotherapon unicolor;0.328617219;0.45387644;0.535554603;0.580084929;2.865350127;0.504844262;0.315546989;0.210113596;2.25940571;31
Lepisosteus oculatus;Lepisosteus oculatus;0.517447799;0.163994652;3.722334993;0.335192513;8.520604278;0.413609626;0.221032086;0.083093326;2.375456884;150
Lepisosteus osseus;Lepisosteus osseus;0.417702324;0.497840077;2.913916818;0.657994382;10.64851028;0.808904572;0.302211477;0.054895659;2.965699566;200
Lepisosteus platostomus;Lepisosteus platostomus;0.533264176;0.63119066;3.767481971;0.574628334;8.4750246;0.425579107;0.305284434;0.102870247;2.500614583;88
Lepomis auritus;Lepomis auritus;0.304964539;0.416639368;0.387744681;0.541623076;2.099393081;0.496665997;0.323861455;0.218364673;2.372348955;30
Lepomis cyanellus;Lepomis cyanellus;0.30877193;0.48164257;0.566470175;0.572431215;2.418047256;0.550433201;0.302440833;0.211780812;2.507163324;31
Lepomis gibbosus;Lepomis gibbosus;0.330129489;0.464434835;0.301593427;0.523731719;2.148928303;0.494616905;0.318648272;0.250377931;2.415496154;40
Lepomis gulosus;Lepomis gulosus;0.432426311;0.639960352;0.558773093;0.656447212;2.380418601;0.473128485;0.320984772;0.234362967;2.828672096;31
Lepomis humilis;Lepomis humilis;0.3984375;0.429411808;0.399125;0.519635589;2.2138215;0.466819355;0.349184525;0.247897519;2.704383792;15
Lepomis macrochirus;Lepomis macrochirus;0.285712472;0.489906007;0.277191891;0.53012832;1.899540662;0.514919493;0.3382264;0.300838867;2.975986278;41
Lepomis megalotis;Lepomis megalotis;0.272805195;0.436860496;0.370188312;0.551248096;2.035674223;0.551921871;0.360738285;0.255103837;2.643664085;24
Lepomis microlophus;Lepomis microlophus;0.319605616;0.362397668;0.323198718;0.467191628;2.300558419;0.495481806;0.308141247;0.300112226;2.126116509;43
Leucaspius delineatus;Leucaspius delineatus;0.472083149;0.47113322;0.472242674;0.433064294;4.33928169;0.680182624;0.12047509;0.15772719;3.089545793;12
Leuciscus aspius;Leuciscus aspius;0.22420979;0.571209678;0.686601399;0.565568455;3.615438472;0.410322921;0.326789209;0.196017149;2.014926471;100
Leuciscus burdigalensis;Leuciscus burdigalensis;0.408502122;0.319111824;0.369156594;0.497896326;4.088354127;0.485192651;0.250707591;0.166581396;2.993740354;40
Leuciscus idus;Leuciscus idus;0.508125952;0.507530524;0.427041011;0.525205221;3.714253961;0.482934643;0.219592394;0.180488862;2.515359214;76
Leuciscus leuciscus;Leuciscus leuciscus;0.443884164;0.324335707;0.359510662;0.476097198;4.559024887;0.551620454;0.226099646;0.163173148;2.808990347;40
Lota lota;Lota lota;0.481078462;0.524813967;0.782215076;0.773211219;7.373325701;0.649656554;0.658757871;0.123253268;1.758428693;152
Lucania parva;Lucania parva;0.559133759;0.492203082;0.168296951;0.50482058;3.646698228;0.586783449;0.375394814;0.177438578;1.621360188;5
Luciobarbus graellsii;Luciobarbus graellsii;0.328947368;0;0.386986842;0.317674074;3.608454416;0.429847235;0.270724575;0.16815047;2.001573651;80
Luxilus chrysocephalus;Luxilus chrysocephalus;0.257130613;0.385708873;0.249254797;0.483371139;3.026113142;0.516678066;0.14524851;0.15942439;3.088623188;24
Luxilus coccogenis;Luxilus coccogenis;0.449228814;0.496837558;0.606686441;0.534878878;4.169817808;0.571467315;0.158291603;0.134695456;3.036460747;14
Luxilus cornutus;Luxilus cornutus;0.442392068;0.485282688;0.412803311;0.53351614;3.5826209;0.535479422;0.203752951;0.196708096;2.963767242;18
Lythrurus lirus;Lythrurus lirus;0.643322359;0.522774616;0.627623301;0.564254462;5.477492547;0.593893987;0.30286909;0.143173824;2.517055529;8
Maccullochella mariensis;Maccullochella macquariensis;0.280825545;0.337615826;0.836122217;0.496657103;3.121069996;0.507569395;0.355959764;0.161468459;2.513095807;85
Macquaria ambigua;Macquaria ambigua;0.28644898;0.554399917;0.698061224;0.533494692;2.81470212;0.33885412;0.343114;0.189194634;2.56318629;76
Macquaria novemaculeata;Macquaria novemaculeata;0.338011628;0.367447876;0.678023256;0.463121085;2.940020119;0.514951559;0.334814318;0.19620734;2.345376037;60
Macrhybopsis aestivalis;Macrhybopsis aestivalis;0.407863696;0.277961121;0.342002815;0.667410396;4.199414519;0.564677053;0.298370739;0.154823819;2.938253753;8
Macrhybopsis storeriana;Macrhybopsis storeriana;0.480922032;0.298414406;0.246384002;0.572636548;4.940166726;0.652439146;0.254063583;0.161946524;2.853970017;23
Megalops cyprinoides;Megalops cyprinoides;0.4941563;0.653517297;0.807326702;0.595824835;3.967238552;0.615924815;0.130141972;0.164545044;2.977363636;150
Melanotaenia duboulayi;Melanotaenia duboulayi;0.43876184;0.453016646;0.385479587;0.463815295;3.254346131;0.581950732;0.527991684;NA;3.019935806;11
Menidia audens;Menidia beryllina;0.683736523;0.603413527;0.248445573;0.603131844;6.136203859;0.618933888;0.740748088;0.163359017;2.894710388;15
Menidia beryllina;Menidia beryllina;0.683736523;0.603413527;0.248445573;0.603131844;6.136203859;0.618933888;0.740748088;0.163359017;2.894710388;15
Micropterus dolomieu;Micropterus dolomieu;0.332552432;0.601273409;0.656669649;0.652592702;3.341377865;0.610300565;0.389737954;0.171659093;2.828317774;69
Micropterus punctulatus;Micropterus punctulatus;0.304379901;0.551825412;0.760531979;0.619045718;3.347326272;0.515434809;0.386563502;0.164817295;2.64564865;64
Micropterus salmoides;Micropterus salmoides;0.271130617;0.546138912;0.84366518;0.598507859;2.897989032;0.471328002;0.326692452;0.172997466;2.367404334;97
Minytrema melanops;Minytrema melanops;0.272235108;0.130742049;0.170665397;0.501766784;4.20919788;0.597215548;0.155477032;0.204057579;3.780000605;50
Misgurnus anguillicaudatus;Misgurnus anguillicaudatus;0.235894757;0.158328947;NA;0.497109649;6.754390351;0.520600877;0.169592105;0.110659668;1.343433219;28
Mogurnda adspersa;Mogurnda adspersa;0.240054697;0.511360011;0.309559366;0.506177865;3.810604144;0.611504142;0.466007988;0.151081879;1.655642611;14
Morone americana;Morone americana;0.408997653;0.347356224;0.574882629;0.472522853;2.722076572;0.449977501;0.360438316;0.211337246;2.6667967;50
Morone chrysops;Morone chrysops;0.478349465;0.487330335;0.676811129;0.504293644;2.952101611;0.447893882;0.332440849;0.167800492;2.127240239;45
Morone mississippiensis;Morone mississippiensis;0.470234413;0.328622174;0.497973541;0.501751373;2.93300261;0.466417682;0.381603867;0.206227864;2.892144026;46
Morone saxatilis;Morone saxatilis;0.295859905;0.613368246;0.707712585;0.645352095;3.453472984;0.491275844;0.386636114;0.154030837;2.867191666;200
Moxostoma anisurum;Moxostoma anisurum;0.329753812;0.14374685;0.173722338;0.51491424;3.757618836;0.618485284;0.120532435;0.171483571;2.317764018;74
Moxostoma breviceps;Moxostoma breviceps;0.419202938;0.103343724;0.28076096;0.4433117;4.003210861;0.542601393;0.213322091;0.139992298;2.658334709;NA
Moxostoma carinatum;Moxostoma carinatum;0.413229411;0.168787245;0.212323386;0.515951514;3.452162178;0.531990207;0.165725205;0.146698964;2.69703971;77
Moxostoma duquesnii;Moxostoma duquesnii;0.292671671;0.219525207;0.184592666;0.603144172;4.209455855;0.541877834;0.209730928;0.18569505;2.901687311;51
Moxostoma erythrurum;Moxostoma erythrurum;0.31061533;0.07719751;0.163034229;0.492648775;4.151472542;0.591858604;0.139738521;0.176040424;2.633902416;78
Moxostoma macrolepidotum;Moxostoma macrolepidotum;0.331098905;0.162886286;0.142170706;0.427608303;4.049625937;0.512366733;0.176674803;0.163250001;1.941254114;75
Mugil cephalus;Mugil cephalus;0.526480263;0.55214628;0.330328947;0.613491776;3.66865027;0.466249087;0.72698662;0.178626792;2.285758323;100
Nannoperca oxleyana;Nannoperca oxleyana;0.56081147;0.410945845;0.434116844;0.503428215;2.969897704;0.501240513;0.300961856;0.177670782;2.218184211;8
Nematalosa erebi;Nematalosa erebi;0.342739726;0.481566147;0.282410959;0.547654316;2.342373003;0.37416134;0.322803852;0.183661412;1.983747153;48
Neogobius melanostomus;Neogobius melanostomus;0.297320611;0.543404063;0.496183206;0.730706368;4.023622501;0.629741085;0.71641461;0.248505977;1.908822333;25
Nocomis biguttatus;Nocomis biguttatus;0.25683832;0.309770115;0.381854373;0.561716547;3.568482975;0.591075689;0.254879636;0.168820869;2.386740773;26
Nocomis micropogon;Nocomis micropogon;0.252472123;0.332189186;0.444603408;0.643583027;4.228283398;0.698953659;0.228603459;0.158098565;2.294693192;33
Notemigonus crysoleucas;Notemigonus crysoleucas;0.429694444;0.47798691;0.303794444;0.486819417;3.334368484;0.395879336;0.261053831;0.165396508;2.965019458;30
Notesthes robusta;Notesthes robusta;0.27775096;0.621904714;0.601625175;0.73152265;2.314704723;0.482956154;0.461180219;0.25417445;NA;30
Notropis atherinoides;Notropis atherinoides;0.632200736;0.594858376;0.55483089;0.568281312;5.127935982;0.550661288;0.295185798;0.149678781;2.726114511;13
Notropis blennius;Notropis blennius;0.555585648;0.360294118;0.43754644;0.485308824;4.411863971;0.529422794;0.213235294;0.212495219;2.551493024;13
Notropis dorsalis;Notropis dorsalis;0.514020366;0.451298122;0.402494917;0.592741784;4.755889671;0.563399061;0.330985915;0.14427774;2.20571941;8
Notropis girardi;Notropis girardi;0.463016082;0.271872316;0.457057202;0.470541834;4.304976598;0.473618245;0.239775974;0.225314147;2.494626094;8
Notropis greenei;Notropis greenei;0.625825588;0.358737512;0.514542437;0.510548683;5.13485923;0.653999386;0.240535931;0.188988902;3.054161469;8
Notropis hudsonius;Notropis hudsonius;0.586121929;0.394397688;0.53222249;0.577618018;4.335802447;0.527457146;0.278188792;0.178362481;3.01540197;15
Notropis jemezanus;Notropis jemezanus;0.511304831;0.567315072;0.464952804;0.539546209;5.002972245;0.628287959;0.222332305;0.141150761;2.500490858;8
Notropis leuciodus;Notropis leuciodus;0.552884459;0.431556014;0.490829567;0.56311308;5.237580516;0.647307708;0.19997474;0.173104477;3.32486315;8
Notropis lutipinnis;Notropis lutipinnis;0.516551555;0.506248447;0.594723633;0.552795031;3.751552795;0.468984472;0.239149068;0.18355298;2.388367327;8
Notropis micropteryx;Notropis micropteryx;0.54744934;0.481251497;0.469397974;0.504605316;4.910383909;0.541974619;0.285002794;0.139894217;2.781338324;NA
Notropis photogenis;Notropis photogenis;0.549783178;0.533865213;0.547365084;0.585904968;5.463603929;0.60305388;0.2412222;0.153500643;3.204917646;14
Notropis shumardi;Notropis shumardi;0.580134755;0.433810612;0.622896953;0.502299634;4.429293535;0.598237004;0.223788797;0.155853675;2.811185793;10
Notropis simus;Notropis simus;0.5073978;0.377222028;0.414465199;0.470593978;3.929895783;0.561411359;0.228389889;0.194915237;2.357479543;10
Notropis spectrunculus;Notropis spectrunculus;0.553627415;0.289446852;0.482526952;0.469444705;5.748963602;0.644009016;0.22366744;0.15952818;2.965551086;8
Notropis stramineus;Notropis stramineus;0.545412046;0.382686611;0.433057164;0.530547179;4.098217251;0.511484251;0.263745898;0.162641024;2.623525246;8
Notropis telescopus;Notropis telescopus;0.664347465;0.465822347;0.435420446;0.474462099;4.913813989;0.632400351;0.21795825;0.20870442;2.81408461;12
Notropis texanus;Notropis texanus;0.596754943;0.454914304;0.39678962;0.504110622;4.131146466;0.508208949;0.282784567;0.186456357;2.52055208;9
Notropis volucellus;Notropis volucellus;0.523342476;0.389204387;0.401417697;0.56716108;4.558079537;0.569783571;0.310058387;0.168098617;2.963439017;8
Notropis wickliffi;Notropis wickliffi;0.670189454;0.382279589;0.414996056;0.493378546;4.46689273;0.582374389;0.195558959;0.186355288;2.833925703;NA
Noturus eleutherus;Noturus eleutherus;0.242960806;0.338015503;0.360996561;0.697224123;4.902231525;0.650365289;0.45447817;0.159471416;1.71407658;NA
Noturus flavus;Noturus flavus;0.349859803;0.264218641;0.259227838;0.586166815;5.364153798;0.668075602;0.412320181;0.167163925;1.797630435;31
Noturus gyrinus;Noturus gyrinus;0.274446036;0.276521888;0.246374816;0.565012387;4.965583889;0.5461886;0.406554792;0.169448411;1.468282046;13
Noturus nocturnus;Noturus nocturnus;0.271097744;0.344339476;0.542706767;0.660394517;6.272227938;0.691131689;0.462268367;0.14921107;1.605586843;15
Oncorhynchus mykiss;Oncorhynchus mykiss;0.260275693;0.578881876;0.829701106;0.61845685;3.25678348;0.456782981;0.289280095;0.163623674;2.519824397;120
Opsopoeodus emiliae;Opsopoeodus emiliae;0.632386747;0.55649195;0.287270226;0.50430507;4.582624517;0.508726434;0.239110162;0.148191858;3.40685381;7
Oreochromis mossambicus;Oreochromis mossambicus;0.221400067;0.500847926;0.325302982;0.558858251;2.202916678;0.571703629;0.280433988;0.349541403;2.333975575;39
Oxyeleotris lineolata;Oxyeleotris lineolata;0.418052205;0.359965891;0.680380779;0.520187599;5.194266076;0.594465045;0.617204357;0.206586059;2.238214286;45
Pachychilon pictum;Pachychilon pictum;0.45480303;0.43636652;0.273151515;0.457590199;3.757233828;0.550830837;0.176123987;0.162700916;2.246286371;20
Parachondrostoma miegii;Parachondrostoma miegii;0.463490795;0.322560554;0.530214084;0.379653979;4.54745098;0.61562476;0.228527489;0.154280719;1.99700085;25
Parachondrostoma toxostoma;Parachondrostoma toxostoma;0.432179532;0.465760725;0.293643431;0.547940595;4.39650385;0.438372109;0.236337246;0.156697815;2.624828153;30
Perca flavescens;Perca flavescens;0.388464514;0.401412646;0.598923125;0.487982482;3.652181983;0.47006921;0.329288079;0.179624041;2.606796623;50
Perca fluviatilis;Perca fluviatilis;0.392577779;0.500006853;0.546616713;0.542378805;3.347021011;0.541426241;0.313523663;0.178178311;3.194129342;60
Percina aurantiaca;Percina aurantiaca;0.41219592;0.27568063;0.502854934;0.560296743;5.14418443;0.531325549;0.468611247;0.17905916;1.793048505;NA
Percina burtoni;Percina burtoni;0.496848517;0.210771141;0.599980259;0.570655498;6.326294038;0.657156359;0.536360941;0.19002638;2.413083004;NA
Percina caprodes;Percina caprodes;0.479622892;0.404940529;0.635883545;0.628528375;5.775148098;0.576084356;0.461919436;0.145956066;2.890723393;18
Percina copelandi;Percina copelandi;0.477850746;0.443383939;0.34458209;0.709400057;6.034443811;0.681753429;0.49459685;0.246038638;2.391304348;7
Percina evides;Percina evides;0.404089552;0.341169123;0.568343284;0.585306292;5.124446544;0.536442028;0.476760851;0.23605686;2.768284715;10
Percina macrolepida;Percina macrolepida;0.500318081;0.464994188;0.499762276;0.635069562;6.174931563;0.55999175;0.390122623;0.176974243;2.482690849;11
Percina maculata;Percina maculata;0.542362541;0.372678922;0.557440877;0.549215686;5.436294118;0.578514706;0.392279412;0.177563832;2.900705953;11
Percina phoxocephala;Percina phoxocephala;0.547276906;0.336492208;0.380779635;0.521565625;5.676371498;0.576101252;0.398360508;0.202945723;2.63139722;10
Percina sciera;Percina sciera;0.461411023;0.28682921;0.464734902;0.535692706;5.120752544;0.603417895;0.451352574;0.177652092;3.077200213;13
Percina shumardi;Percina shumardi;0.439712863;0.265235331;0.428965772;0.49908513;4.604824674;0.59230454;0.417899003;0.211034959;NA;8
Percina squamata;Percina squamata;0.467112598;0.363156813;0.725360812;0.557931424;5.847554292;0.568421593;0.479387888;0.192395446;2.100896272;NA
Percina williamsi;Percina macrocephala;0.447355255;0.462581477;0.840420855;0.651499716;6.10173006;0.594666474;0.566682594;0.207340317;2.048641482;NA
Percopsis omiscomaycus;Percopsis omiscomaycus;0.405373194;0.22581368;0.317208007;0.498044927;4.78938995;0.780258809;0.227225366;0.203748974;3.416359754;20
Phenacobius crassilabrum;Phenacobius crassilabrum;0.392192289;0.33501663;0.289757899;0.651147426;5.138731528;0.567417949;0.302340416;0.137795386;2.405745923;NA
Phenacobius mirabilis;Phenacobius mirabilis;0.373708216;0.284658877;NA;0.558431964;4.756886544;0.603279306;0.226709386;0.174021911;2.451021348;12
Phenacobius uranops;Phenacobius uranops;0.477940466;0.173533683;0.324863599;0.683657516;7.036396112;0.709709199;0.39846397;0.169172891;3.263229088;12
Philypnodon grandiceps;Philypnodon grandiceps;0.584814692;0.556163697;0.589157558;0.615209105;5.898038854;0.716695462;0.651464595;NA;2.382077808;12
Philypnodon macrostomus;Philypnodon grandiceps;0.584814692;0.556163697;0.589157558;0.615209105;5.898038854;0.716695462;0.651464595;NA;2.382077808;12
Phoxinus bigerri;Phoxinus phoxinus;0.476713074;0.189093023;0.386127613;0.454790698;5.291162791;0.512813953;0.294453488;0.145108122;2.864294591;14
Phoxinus phoxinus;Phoxinus phoxinus;0.476713074;0.189093023;0.386127613;0.454790698;5.291162791;0.512813953;0.294453488;0.145108122;2.864294591;14
Pimephales notatus;Pimephales notatus;0.458908922;0.354958525;0.349098526;0.529953917;4.549617512;0.534582949;0.216785714;0.126774216;2.750049938;11
Pimephales promelas;Pimephales promelas;0.590588117;0.427274563;0.37024939;0.499886244;4.793848195;0.636666015;0.213797501;0.161043194;2.482384123;10
Pimephales vigilax;Pimephales vigilax;0.487987952;0.456046247;0.386012048;0.607769556;4.293308881;0.586568293;0.282704716;0.183721189;2.600928261;9
Platichthys flesus;Platichthys flesus;0.320122103;0.51860754;0.395850984;0.610478062;2.239534821;0.30865788;0.464029012;0.137147459;2.357198818;60
Poecilia reticulata;Poecilia reticulata;0.584171753;0.807199679;0.36811734;0.659657349;3.86705408;0.548578675;0.45266202;0.149295456;1.692986634;6
Polyodon spathula;Polyodon spathula;0.388798331;0.360698597;0.536784682;0.56573728;6.777881589;0.37708989;0.221438172;0.109281629;4.379741505;221
Pomoxis annularis;Pomoxis annularis;0.437037037;0.448093767;0.5383;0.459940079;2.66638235;0.483815476;0.294835359;0.218336949;2.588013511;53
Pomoxis nigromaculatus;Pomoxis nigromaculatus;0.344596161;0.502919306;0.633842782;0.518641217;2.141887124;0.439424956;0.335282932;0.207328124;2.499158356;49
Ponticola kessleri;Ponticola kessleri;0.301847685;0.59088589;0.690066135;0.782304661;5.302394904;0.748637171;0.644643623;0.19522075;2.441021584;22
Porochilus rendahli;Porochilus rendahli;0.373249315;0.456795128;0.268130302;0.509351786;4.755646895;0.42338512;0.258786153;0.103934901;0;20
Proterorhinus semilunaris;Proterorhinus semilunaris;0.349765636;0.476977486;0.552976379;0.724972731;4.820905351;0.757464735;0.571883397;0.222763531;2.042634775;NA
Pseudomugil mellis;Pseudomugil signifer;0.732767857;0.644360219;0.511410714;0.518817624;3.876659906;0.513917057;0.615048593;0.200663782;2.772148541;7
Pseudomugil signifer;Pseudomugil signifer;0.732767857;0.644360219;0.511410714;0.518817624;3.876659906;0.513917057;0.615048593;0.200663782;2.772148541;7
Pseudorasbora parva;Pseudorasbora parva;0.46969697;0.586216929;0.285878788;0.581906621;4.745648744;0.568960612;0.275859691;0.145461399;2.344880492;11
Pungitius pungitius;Pungitius pungitius;0.547368421;0.518242705;0.427452632;0.507155518;5.04464615;0.565065845;0.474768323;0.155576596;6.947578947;9
Pylodictis olivaris;Pylodictis olivaris;0.291049242;0.413166319;0.346359848;0.611500816;5.056725809;0.540694424;0.318137226;0.15538586;2.055963225;155
Redigobius bikolanus;Redigobius bikolanus;0.450424274;0.449641467;0.41571098;0.609119262;3.57023126;0.65384971;0.56677623;0.228959464;1.66694762;4
Retropinna semoni;Retropinna semoni;0.507198667;0.614536945;0.607021565;0.644816338;5.632208197;0.680683591;0.193050631;0.148141527;2.998392031;10
Rhadinocentrus ornatus;Rhadinocentrus ornatus;0.496855142;0.553593226;0.484243289;0.435421117;3.904247406;0.588266707;0.516611993;0.204323242;2.387669774;6
Rhinichthys atratulus;Rhinichthys atratulus;0.452439846;0.344501988;0.397283022;0.571343077;5.437357579;0.588317285;0.36548126;0.171886715;2.019528178;12
Rhinichthys cataractae;Rhinichthys cataractae;0.27603937;0.325227642;0.476622047;0.638211382;4.932028455;0.516260163;0.353682927;0.202798367;2.297395749;22
Rhodeus amarus;Rhodeus amarus;0.509007617;0.384101293;0.378283554;0.460064888;2.460751434;0.3342143;0.250959949;0.135593304;2.319255319;10
Rhodeus sericeus;Rhodeus sericeus;0.494956238;0.432248832;0.326274028;0.507015187;2.740703271;0.397224299;0.27571028;0.182189833;2.199991111;11
Rutilus rutilus;Rutilus rutilus;0.495975923;0.375354359;0.415533227;0.454568915;3.120089052;0.396746834;0.272767541;0.161648046;3.816784511;50
Salaria fluviatilis;Salaria fluviatilis;0.255084507;0.345336634;0.543676056;0.730257426;4.696455446;0.702970297;0.582831683;0.189361263;2.399029522;15
Salmo salar;Salmo salar;0.20859375;0.424334804;0.81703125;0.467510023;3.956530893;0.421093263;0.244620095;0.124212585;3.076443168;150
Salmo trutta;Salmo trutta;0.309869711;0.490952251;0.788827395;0.58732926;4.142802662;0.405012258;0.262271861;0.126765961;2.714961744;100
Salvelinus alpinus;Salvelinus alpinus;0.271921287;0.54224371;0.747663551;0.640026718;4.256032317;0.477158943;0.324259677;0.168286183;2.865442308;107
Salvelinus fontinalis;Salvelinus fontinalis;0.320154569;0.56764812;0.937220636;0.6354576;3.471882099;0.438863261;0.277230417;0.153272033;2.280604817;86
Sander canadensis;Sander canadensis;0.347475989;0.342916634;0.812139047;0.491267055;5.08365374;0.53014187;0.252316637;0.14582914;2.781518148;76
Sander lucioperca;Sander lucioperca;0.493332767;0.228995964;0.653749788;0.388211694;4.436274074;0.380940055;0.34755846;0.146019498;3.388258784;100
Sander vitreus;Sander vitreus;0.404434821;0.346393314;0.744350786;0.514283368;4.535254447;0.485716632;0.417830685;0.140581441;2.900798477;107
Sarmarutilus rubilio;Sarmarutilus rubilio;0.481140673;0.463005154;0.357998127;0.537126999;3.441458967;0.417634465;0.263480904;0.187417632;2.241986673;25
Scaphirhynchus platorynchus;Scaphirhynchus platorynchus;0.299085821;0.159404118;NA;0.697987161;12.1152202;0.776732795;0.391264654;0.139736973;4.861384615;100
Scardinius erythrophthalmus;Scardinius erythrophthalmus;0.411987001;0.494324335;0.277442028;0.521564013;2.792467963;0.398127821;0.294806723;NA;3.337770122;51
Semotilus atromaculatus;Semotilus atromaculatus;0.218166096;0.289871763;0.469134933;0.509366999;4.114935411;0.565369809;0.266353769;0.160649081;2.205653534;30
Silurus glanis;Silurus glanis;0.210233364;0.526157027;0.379009648;0.57179471;5.83994642;0.511623001;0.423543433;0.106003825;2.200067986;500
Squalius cephalus;Squalius cephalus;0.359761796;0.532037571;0.46206342;0.608186863;3.572677392;0.356574909;0.344020273;0.172295685;2.6003;85
Squalius laietanus;Squalius cephalus;0.359761796;0.532037571;0.46206342;0.608186863;3.572677392;0.356574909;0.344020273;0.172295685;2.6003;85
Tandanus tandanus;Tandanus tandanus;0.288607032;0.296681489;0.171647667;0.573341784;4.512010639;0.606994431;0.316900091;0.174381494;2.984844869;90
Telestes souffia;Telestes souffia;0.4;0.49956701;0.476683333;0.580587629;4.824742268;0.618556701;0.216412371;0.158638889;2.966597256;25
Thymallus thymallus;Thymallus thymallus;0.432042983;0.469727328;0.5407018;0.62623673;4.758397322;0.429672819;0.314898013;0.161065146;3.632745098;60
Tinca tinca;Tinca tinca;0.2064545;0.41207078;0.359415061;0.520095421;2.757112832;0.464568644;0.231055269;0.185072694;1.514897675;70
Trachystoma petardi;Trachystoma petardi;NA;NA;NA;NA;NA;NA;NA;NA;NA;81
Umbra limi;Umbra limi;0.51628033;0.434617939;0.461855577;0.505221803;4.190592275;0.547628637;0.240270064;0.163310351;1.796131531;14
Xiphophorus hellerii;Xiphophorus hellerii;0.526537503;0.599908497;0.26394899;0.491299792;3.055352215;0.450197028;0.374212259;0.183575136;2.027010958;16
Xiphophorus maculatus;Xiphophorus maculatus;0.508052221;0.6084867;0.278401822;0.533869036;2.352267393;0.399780021;0.42660483;NA;1.856052548;6
