"","SiteID","Latitude","Longitude","HydroBasin","Country","Region"
"1","S1468",47.0737,5.165636186,2080016510,"FRA","BOURGOGNE"
"108","S1481",46.51408,4.946774568,2080016510,"FRA","BOURGOGNE"
"201","S1548",47.13404,5.179873916,2080016510,"FRA","BOURGOGNE"
"264","S1578",46.94337,5.018529049,2080016510,"FRA","BOURGOGNE"
"310","S3412",44.28374,4.597914602,2080016510,"FRA","LANGUEDOC-ROUSSILLON"
"414","S3440",44.17545,3.75054294,2080016510,"FRA","LANGUEDOC-ROUSSILLON"
"494","S5166",44.61489,6.334245081,2080016510,"FRA","PROVENCE-ALPES-COTE D'AZUR"
"504","S5193",43.67891,4.622915558,2080016510,"FRA","PROVENCE-ALPES-COTE D'AZUR"
"630","S5212",44.26627,6.275183589,2080016510,"FRA","PROVENCE-ALPES-COTE D'AZUR"
"638","S5448",46.18851,4.546427802,2080016510,"FRA","RHONE-ALPES"
"648","S5449",45.94411,4.728940626,2080016510,"FRA","RHONE-ALPES"
"759","S5471",45.81158,5.088671483,2080016510,"FRA","RHONE-ALPES"
"871","S5472",45.6457,4.816577863,2080016510,"FRA","RHONE-ALPES"
"1017","S5490",45.58124,4.780833767,2080016510,"FRA","RHONE-ALPES"
"1161","S5546",45.71204,5.548479468,2080016510,"FRA","RHONE-ALPES"
"1341","S675",41.7516,2.399272,2080016960,"ESP","CATALUNA"
"1351","S6024",41.72961,2.603859,2080016960,"ESP","CATALUNA"
"1379","S2679",41.72662,2.422229,2080016960,"ESP","CATALUNA"
"1422","S3237",41.72785,2.418851,2080016960,"ESP","CATALUNA"
"1459","S3782",41.71138,2.434891,2080016960,"ESP","CATALUNA"
"1509","S4441",41.68959,2.456891,2080016960,"ESP","CATALUNA"
"1534","S5116",41.67996,2.467521,2080016960,"ESP","CATALUNA"
"1555","S5561",41.69346,2.507932,2080016960,"ESP","CATALUNA"
"1573","S7644",42.67485,-2.334549,2080017150,"ESP","PAIS VASCO"
"1628","S1245",42.677,-2.896588,2080017150,"ESP","PAIS VASCO"
"1719","S2548",42.77704,-3.045683,2080017150,"ESP","PAIS VASCO"
"1777","S3048",42.86955,-2.26487,2080017150,"ESP","PAIS VASCO"
"1810","S3785",42.69162,-2.84529,2080017150,"ESP","PAIS VASCO"
"1854","S3908",42.88558,-2.498491,2080017150,"ESP","PAIS VASCO"
"1890","S4024",42.87408,-3.068161,2080017150,"ESP","PAIS VASCO"
"1934","S5899",42.86305,-2.577459,2080017150,"ESP","PAIS VASCO"
"1985","S8253",43.17052,-2.897998,2080020120,"ESP","PAIS VASCO"
"2020","S1095",43.14021,-2.939267,2080020120,"ESP","PAIS VASCO"
"2064","S1657",43.21178,-2.754653,2080020120,"ESP","PAIS VASCO"
"2117","S2075",43.23463,-2.88092,2080020120,"ESP","PAIS VASCO"
"2161","S4061",43.22955,-2.849528,2080020120,"ESP","PAIS VASCO"
"2221","S4714",43.21169,-3.095792,2080020120,"ESP","PAIS VASCO"
"2276","S522",43.24153,-2.996502,2080020120,"ESP","PAIS VASCO"
"2330","S5118",43.18203,-2.668698,2080020120,"ESP","PAIS VASCO"
"2372","S5934",43.15482,-2.612329,2080020120,"ESP","PAIS VASCO"
"2412","S416",43.54374,-1.063647133,2080020330,"FRA","AQUITAINE"
"2523","S419",43.71326,-0.406402852,2080020330,"FRA","AQUITAINE"
"2606","S420",43.7722,-0.43785662,2080020330,"FRA","AQUITAINE"
"2726","S4396",43.49785,0.028239529,2080020330,"FRA","MIDI-PYRENEES"
"2839","S4402",42.72969,-0.007806789,2080020330,"FRA","MIDI-PYRENEES"
"2849","S4408",42.85233,-0.143208746,2080020330,"FRA","MIDI-PYRENEES"
"2859","S482",43.33698,-1.026560739,2080020330,"FRA","AQUITAINE"
"2955","S484",43.17057,-0.898311791,2080020330,"FRA","AQUITAINE"
"3003","S3430",44.07533,3.491412752,2080020590,"FRA","LANGUEDOC-ROUSSILLON"
"3024","S3450",44.72055,3.52518019,2080020590,"FRA","LANGUEDOC-ROUSSILLON"
"3034","S4299",44.47406,1.425225645,2080020590,"FRA","MIDI-PYRENEES"
"3152","S4301",44.09135,1.102034196,2080020590,"FRA","MIDI-PYRENEES"
"3223","S4302",44.08287,1.348029188,2080020590,"FRA","MIDI-PYRENEES"
"3307","S4313",44.29637,2.838236118,2080020590,"FRA","MIDI-PYRENEES"
"3344","S4318",44.53032,2.792184644,2080020590,"FRA","MIDI-PYRENEES"
"3380","S4326",44.68598,2.837887003,2080020590,"FRA","MIDI-PYRENEES"
"3395","S4330",43.95292,1.171936526,2080020590,"FRA","MIDI-PYRENEES"
"3472","S4333",44.58554,2.22970346,2080020590,"FRA","MIDI-PYRENEES"
"3566","S4346",43.51213,1.387766842,2080020590,"FRA","MIDI-PYRENEES"
"3691","S4356",42.64471,1.449303835,2080020590,"FRA","MIDI-PYRENEES"
"3707","S4361",43.08432,1.83997429,2080020590,"FRA","MIDI-PYRENEES"
"3812","S4368",43.76631,2.316885261,2080020590,"FRA","MIDI-PYRENEES"
"3861","S4370",44.10212,3.086332566,2080020590,"FRA","MIDI-PYRENEES"
"3925","S4383",43.84377,0.671387005,2080020590,"FRA","MIDI-PYRENEES"
"4056","S460",44.28879,0.320432989,2080020590,"FRA","AQUITAINE"
"4145","S810",46.3937,2.603677491,2080021030,"FRA","AUVERGNE"
"4280","S811",46.34047,3.310242911,2080021030,"FRA","AUVERGNE"
"4414","S813",46.19145,3.418680007,2080021030,"FRA","AUVERGNE"
"4518","S819",46.20657,3.649999803,2080021030,"FRA","AUVERGNE"
"4625","S892",45.11562,3.490677038,2080021030,"FRA","AUVERGNE"
"4736","S894",45.25327,3.654940367,2080021030,"FRA","AUVERGNE"
"4772","S903",45.33064,4.153826302,2080021030,"FRA","AUVERGNE"
"4910","S1133",48.3854,0.83662611,2080021030,"FRA","BASSE-NORMANDIE"
"5001","S1157",48.64958,-0.580241592,2080021030,"FRA","BASSE-NORMANDIE"
"5074","S1159",48.69012,-0.744099437,2080021030,"FRA","BASSE-NORMANDIE"
"5131","S2247",48.06747,1.290440027,2080021030,"FRA","CENTRE"
"5205","S2252",47.06,1.088061001,2080021030,"FRA","CENTRE"
"5344","S2257",47.21082,0.078099578,2080021030,"FRA","CENTRE"
"5433","S2290",47.34448,0.479755215,2080021030,"FRA","CENTRE"
"5515","S3715",45.8415,1.098091361,2080021030,"FRA","LIMOUSIN"
"5602","S3723",45.98779,1.867253935,2080021030,"FRA","LIMOUSIN"
"5704","S4684",47.39273,-0.860737195,2080021030,"FRA","PAYS DE LA LOIRE"
"5789","S4690",48.27328,-0.202792883,2080021030,"FRA","PAYS DE LA LOIRE"
"5860","S4692",47.81489,-0.09125947,2080021030,"FRA","PAYS DE LA LOIRE"
"5954","S4693",48.2545,0.045863615,2080021030,"FRA","PAYS DE LA LOIRE"
"6049","S4707",47.86893,-0.697232395,2080021030,"FRA","PAYS DE LA LOIRE"
"6140","S4723",47.21547,-0.08005605,2080021030,"FRA","PAYS DE LA LOIRE"
"6276","S5017",46.60793,-0.418771064,2080021030,"FRA","POITOU-CHARENTES"
"6326","S5513",45.54269,4.048647996,2080021030,"FRA","RHONE-ALPES"
"6335","S1558",47.66271,3.709177013,2080022150,"FRA","BOURGOGNE"
"6446","S2467",48.54894,3.680825221,2080022150,"FRA","CHAMPAGNE-ARDENNE"
"6491","S2515",49.237,4.409559607,2080022150,"FRA","CHAMPAGNE-ARDENNE"
"6564","S2523",48.57321,3.777467513,2080022150,"FRA","CHAMPAGNE-ARDENNE"
"6668","S2528",48.22713,4.29717781,2080022150,"FRA","CHAMPAGNE-ARDENNE"
"6793","S2541",49.58374,4.307492368,2080022150,"FRA","CHAMPAGNE-ARDENNE"
"6886","S2543",49.48011,4.579073297,2080022150,"FRA","CHAMPAGNE-ARDENNE"
"6974","S2545",48.99656,4.241690712,2080022150,"FRA","CHAMPAGNE-ARDENNE"
"7113","S2552",48.50738,3.88982603,2080022150,"FRA","CHAMPAGNE-ARDENNE"
"7272","S3159",49.31014,1.23665644,2080022150,"FRA","HAUTE-NORMANDIE"
"7360","S3175",49.35352,1.325227245,2080022150,"FRA","HAUTE-NORMANDIE"
"7421","S3257",49.12606,2.171535869,2080022150,"FRA","ILE-DE-FRANCE"
"7494","S3260",49.14545,2.285255527,2080022150,"FRA","ILE-DE-FRANCE"
"7556","S3270",49.02871,1.618921412,2080022150,"FRA","ILE-DE-FRANCE"
"7625","S3283",48.29541,2.782063274,2080022150,"FRA","ILE-DE-FRANCE"
"7707","S3867",49.22789,5.034368743,2080022150,"FRA","LORRAINE"
"7797","S4857",49.3029,2.604164303,2080022150,"FRA","PICARDIE"
"7906","S4863",49.43615,2.876470159,2080022150,"FRA","PICARDIE"
"7972","S4864",49.26901,1.883369935,2080022150,"FRA","PICARDIE"
"8047","S26",48.23275,7.162029213,2080023010,"FRA","ALSACE"
"8063","S5",48.3125,7.713469027,2080023010,"FRA","ALSACE"
"8162","S6",48.25271,7.675227352,2080023010,"FRA","ALSACE"
"8288","S42",48.35528,7.580241699,2080023010,"FRA","ALSACE"
"8391","S7",48.25453,7.679114042,2080023010,"FRA","ALSACE"
"8494","S62",48.39486,7.402673795,2080023010,"FRA","ALSACE"
"8502","S63",47.53952,7.175098786,2080023010,"FRA","ALSACE"
"8633","S8",48.68385,7.916471249,2080023010,"FRA","ALSACE"
"8735","S3870",49.17183,5.681327109,2080023010,"FRA","LORRAINE"
"8829","S3901",49.44907,6.346834842,2080023010,"FRA","LORRAINE"
"8900","S3957",48.96434,6.877591998,2080023010,"FRA","LORRAINE"
"9088","S3966",48.128,6.51566334,2080023010,"FRA","LORRAINE"
"9235","S3972",48.5795,6.628375786,2080023010,"FRA","LORRAINE"
"9342","S10015",62.257,21.70723,2080029400,"FIN","WESTERN FINLAND"
"9381","S10038",62.23097,21.62033,2080029400,"FIN","WESTERN FINLAND"
"9422","S11887",62.25215,21.50644,2080029400,"FIN","WESTERN FINLAND"
"9465","S11924",62.18825,21.79551,2080029400,"FIN","WESTERN FINLAND"
"9493","S11928",62.24074,21.56713,2080029400,"FIN","WESTERN FINLAND"
"9535","S12211",62.17077,21.87122,2080029400,"FIN","WESTERN FINLAND"
"9571","S12290",62.18614,21.80866,2080029400,"FIN","WESTERN FINLAND"
"9600","S12298",62.23755,21.74352,2080029400,"FIN","WESTERN FINLAND"
"9632","S12306",62.24244,21.73995,2080029400,"FIN","WESTERN FINLAND"
"9665","S12317",62.19841,21.79455,2080029400,"FIN","WESTERN FINLAND"
"9701","S8284",67.17837,23.54941,2080030100,"SWE","NORRBOTTEN"
"9734","S8286",67.18034,23.54981,2080030100,"SWE","NORRBOTTEN"
"9766","S8295",67.24614,22.89947,2080030100,"SWE","NORRBOTTEN"
"9803","S8298",67.2598,22.98133,2080030100,"SWE","NORRBOTTEN"
"9838","S8302",67.25551,23.25805,2080030100,"SWE","NORRBOTTEN"
"9878","S8330",67.35383,22.61583,2080030100,"SWE","NORRBOTTEN"
"9926","S8341",67.38497,22.67041,2080030100,"SWE","NORRBOTTEN"
"9961","S8355",67.4478,22.66175,2080030100,"SWE","NORRBOTTEN"
"9995","S8362",67.50935,22.66322,2080030100,"SWE","NORRBOTTEN"
"10037","S8379",67.69078,21.43046,2080030100,"SWE","NORRBOTTEN"
"10073","S8387",67.6705,22.68281,2080030100,"SWE","NORRBOTTEN"
"10112","S8388",67.73616,21.01847,2080030100,"SWE","NORRBOTTEN"
"10150","S8390",67.73463,21.16798,2080030100,"SWE","NORRBOTTEN"
"10187","S8391",67.69076,22.64488,2080030100,"SWE","NORRBOTTEN"
"10217","S8392",67.77568,20.92657,2080030100,"SWE","NORRBOTTEN"
"10250","S8433",67.76319,23.25594,2080030100,"SWE","NORRBOTTEN"
"10290","S8476",68.12228,21.6376,2080030100,"SWE","NORRBOTTEN"
"10338","S8477",68.12248,21.64198,2080030100,"SWE","NORRBOTTEN"
"10380","S8478",68.12712,21.61758,2080030100,"SWE","NORRBOTTEN"
"10425","S8484",68.27846,21.4434,2080030100,"SWE","NORRBOTTEN"
"10455","S8485",68.28055,21.44295,2080030100,"SWE","NORRBOTTEN"
"10494","S8486",68.29059,21.44932,2080030100,"SWE","NORRBOTTEN"
"10532","S8490",68.29198,21.45088,2080030100,"SWE","NORRBOTTEN"
"10577","S8492",68.37757,21.57075,2080030100,"SWE","NORRBOTTEN"
"10622","S8493",68.38117,21.56825,2080030100,"SWE","NORRBOTTEN"
"10666","S8494",68.38113,21.56946,2080030100,"SWE","NORRBOTTEN"
"10703","S8496",68.38496,21.56532,2080030100,"SWE","NORRBOTTEN"
"10740","S7831",65.881,23.00482,2080030160,"SWE","NORRBOTTEN"
"10778","S7850",65.9501,22.87432,2080030160,"SWE","NORRBOTTEN"
"10811","S7878",66.00251,22.84993,2080030160,"SWE","NORRBOTTEN"
"10845","S7935",66.07586,22.73135,2080030160,"SWE","NORRBOTTEN"
"10878","S7987",66.15986,22.80498,2080030160,"SWE","NORRBOTTEN"
"10906","S8057",66.40654,22.80129,2080030160,"SWE","NORRBOTTEN"
"10947","S8064",66.45647,22.65779,2080030160,"SWE","NORRBOTTEN"
"10990","S8079",66.53137,22.75105,2080030160,"SWE","NORRBOTTEN"
"11025","S8081",66.56617,22.46747,2080030160,"SWE","NORRBOTTEN"
"11060","S8084",66.55626,22.75079,2080030160,"SWE","NORRBOTTEN"
"11103","S8143",66.62494,22.40508,2080030160,"SWE","NORRBOTTEN"
"11136","S8146",66.61378,22.75224,2080030160,"SWE","NORRBOTTEN"
"11179","S8174",66.83121,22.76161,2080030160,"SWE","NORRBOTTEN"
"11206","S8177",66.89819,22.00417,2080030160,"SWE","NORRBOTTEN"
"11236","S8180",66.91207,22.78586,2080030160,"SWE","NORRBOTTEN"
"11265","S8261",67.15355,21.53464,2080030160,"SWE","NORRBOTTEN"
"11298","S8272",67.19177,21.6024,2080030160,"SWE","NORRBOTTEN"
"11331","S8289",67.25057,22.3153,2080030160,"SWE","NORRBOTTEN"
"11373","S8321",67.34325,22.00872,2080030160,"SWE","NORRBOTTEN"
"11396","S8329",67.36925,21.9365,2080030160,"SWE","NORRBOTTEN"
"11437","S8335",67.39216,21.89281,2080030160,"SWE","NORRBOTTEN"
"11469","S8337",67.40593,21.91176,2080030160,"SWE","NORRBOTTEN"
"11502","S8338",67.44558,20.87571,2080030160,"SWE","NORRBOTTEN"
"11541","S8345",67.47175,20.56885,2080030160,"SWE","NORRBOTTEN"
"11573","S8346",67.42914,21.84299,2080030160,"SWE","NORRBOTTEN"
"11604","S8347",67.47736,20.53693,2080030160,"SWE","NORRBOTTEN"
"11629","S8354",67.49525,21.06284,2080030160,"SWE","NORRBOTTEN"
"11660","S8356",67.50994,21.04824,2080030160,"SWE","NORRBOTTEN"
"11692","S8370",67.67527,20.55569,2080030160,"SWE","NORRBOTTEN"
"11744","S8383",67.73372,20.32395,2080030160,"SWE","NORRBOTTEN"
"11769","S7985",66.20481,21.54393,2080030220,"SWE","NORRBOTTEN"
"11793","S7986",66.20836,21.44983,2080030220,"SWE","NORRBOTTEN"
"11817","S7989",66.24847,21.35575,2080030220,"SWE","NORRBOTTEN"
"11850","S8007",66.25488,21.34778,2080030220,"SWE","NORRBOTTEN"
"11881","S8017",66.28797,21.34279,2080030220,"SWE","NORRBOTTEN"
"11909","S8023",66.32216,21.37039,2080030220,"SWE","NORRBOTTEN"
"11936","S8033",66.39968,21.25441,2080030220,"SWE","NORRBOTTEN"
"11972","S8052",66.44563,21.17969,2080030220,"SWE","NORRBOTTEN"
"12005","S8053",66.44898,21.1766,2080030220,"SWE","NORRBOTTEN"
"12032","S8065",66.51782,21.10443,2080030220,"SWE","NORRBOTTEN"
"12060","S8074",66.57591,21.08861,2080030220,"SWE","NORRBOTTEN"
"12090","S7362",64.94975,21.21689,2080030370,"SWE","VASTERBOTTEN"
"12127","S7410",65.02944,21.35653,2080030370,"SWE","VASTERBOTTEN"
"12165","S7415",65.03844,21.32519,2080030370,"SWE","VASTERBOTTEN"
"12207","S7453",65.08421,21.23722,2080030370,"SWE","VASTERBOTTEN"
"12245","S7457",65.09353,21.19861,2080030370,"SWE","VASTERBOTTEN"
"12287","S7498",65.10657,21.17862,2080030370,"SWE","VASTERBOTTEN"
"12314","S7509",65.12375,21.11569,2080030370,"SWE","VASTERBOTTEN"
"12354","S7517",65.13671,21.02997,2080030370,"SWE","VASTERBOTTEN"
"12398","S7526",65.14151,20.9654,2080030370,"SWE","VASTERBOTTEN"
"12443","S7531",65.15455,20.90488,2080030370,"SWE","VASTERBOTTEN"
"12480","S7533",65.15723,20.91609,2080030370,"SWE","VASTERBOTTEN"
"12521","S7545",65.16503,20.90069,2080030370,"SWE","VASTERBOTTEN"
"12569","S7547",65.17488,20.84891,2080030370,"SWE","VASTERBOTTEN"
"12588","S7548",65.17528,20.87442,2080030370,"SWE","VASTERBOTTEN"
"12639","S7552",65.18686,20.79981,2080030370,"SWE","VASTERBOTTEN"
"12662","S7568",65.20721,20.83664,2080030370,"SWE","NORRBOTTEN"
"12699","S7592",65.25953,20.79941,2080030370,"SWE","NORRBOTTEN"
"12733","S7626",65.38142,20.52085,2080030370,"SWE","NORRBOTTEN"
"12771","S7633",65.41716,20.44399,2080030370,"SWE","NORRBOTTEN"
"12805","S7371",64.97102,21.11863,2080030420,"SWE","VASTERBOTTEN"
"12837","S7385",65.00037,21.04413,2080030420,"SWE","VASTERBOTTEN"
"12862","S7392",65.01411,21.00092,2080030420,"SWE","VASTERBOTTEN"
"12896","S7397",65.02233,20.98699,2080030420,"SWE","VASTERBOTTEN"
"12939","S7398",65.02441,20.9374,2080030420,"SWE","VASTERBOTTEN"
"12977","S7401",65.0352,20.77776,2080030420,"SWE","VASTERBOTTEN"
"13005","S7406",65.03742,20.97971,2080030420,"SWE","VASTERBOTTEN"
"13040","S7417",65.0645,20.8024,2080030420,"SWE","VASTERBOTTEN"
"13070","S7448",65.09455,20.79099,2080030420,"SWE","VASTERBOTTEN"
"13089","S7578",65.24196,20.40095,2080030420,"SWE","VASTERBOTTEN"
"13116","S7584",65.26414,20.31857,2080030420,"SWE","VASTERBOTTEN"
"13157","S7585",65.26603,20.33629,2080030420,"SWE","VASTERBOTTEN"
"13194","S7593",65.27716,20.25534,2080030420,"SWE","VASTERBOTTEN"
"13227","S7595",65.28448,20.21429,2080030420,"SWE","VASTERBOTTEN"
"13255","S7598",65.32066,19.99853,2080030420,"SWE","VASTERBOTTEN"
"13287","S7615",65.37325,19.80517,2080030420,"SWE","NORRBOTTEN"
"13323","S7627",65.41103,19.69664,2080030420,"SWE","NORRBOTTEN"
"13361","S7637",65.45165,19.55758,2080030420,"SWE","NORRBOTTEN"
"13405","S7652",65.50972,19.44885,2080030420,"SWE","NORRBOTTEN"
"13437","S7300",64.8347,20.97382,2080030460,"SWE","VASTERBOTTEN"
"13471","S7303",64.83489,20.98609,2080030460,"SWE","VASTERBOTTEN"
"13501","S7304",64.83987,20.9142,2080030460,"SWE","VASTERBOTTEN"
"13537","S7305",64.84802,20.88534,2080030460,"SWE","VASTERBOTTEN"
"13570","S7323",64.88083,20.77085,2080030460,"SWE","VASTERBOTTEN"
"13604","S7328",64.88706,20.73283,2080030460,"SWE","VASTERBOTTEN"
"13639","S7329",64.89011,20.71808,2080030460,"SWE","VASTERBOTTEN"
"13673","S7332",64.90135,20.63502,2080030460,"SWE","VASTERBOTTEN"
"13715","S7346",64.92637,20.52503,2080030460,"SWE","VASTERBOTTEN"
"13747","S7347",64.93278,20.55907,2080030460,"SWE","VASTERBOTTEN"
"13777","S7350",64.93851,20.56159,2080030460,"SWE","VASTERBOTTEN"
"13809","S7352",64.94247,20.56187,2080030460,"SWE","VASTERBOTTEN"
"13839","S7162",64.22509,20.79156,2080030560,"SWE","VASTERBOTTEN"
"13859","S7166",64.24725,20.76145,2080030560,"SWE","VASTERBOTTEN"
"13882","S7194",64.33411,20.32834,2080030560,"SWE","VASTERBOTTEN"
"13891","S7198",64.35709,20.38126,2080030560,"SWE","VASTERBOTTEN"
"13900","S7199",64.35773,20.40689,2080030560,"SWE","VASTERBOTTEN"
"13918","S7201",64.36171,20.40859,2080030560,"SWE","VASTERBOTTEN"
"13938","S7207",64.3829,20.30522,2080030560,"SWE","VASTERBOTTEN"
"13961","S7213",64.42658,20.38934,2080030560,"SWE","VASTERBOTTEN"
"13983","S7214",64.43421,20.25853,2080030560,"SWE","VASTERBOTTEN"
"13993","S7215",64.44162,20.26599,2080030560,"SWE","VASTERBOTTEN"
"14005","S7216",64.4431,20.33489,2080030560,"SWE","VASTERBOTTEN"
"14034","S7220",64.46302,20.2268,2080030560,"SWE","VASTERBOTTEN"
"14058","S7224",64.48442,20.28881,2080030560,"SWE","VASTERBOTTEN"
"14074","S7225",64.48299,20.35295,2080030560,"SWE","VASTERBOTTEN"
"14082","S7230",64.54423,20.21594,2080030560,"SWE","VASTERBOTTEN"
"14101","S7235",64.56703,20.17469,2080030560,"SWE","VASTERBOTTEN"
"14110","S7273",64.79804,19.38403,2080030560,"SWE","VASTERBOTTEN"
"14145","S6914",63.91067,20.57016,2080030610,"SWE","VASTERBOTTEN"
"14185","S6916",63.91698,20.56921,2080030610,"SWE","VASTERBOTTEN"
"14205","S6939",63.92861,20.57118,2080030610,"SWE","VASTERBOTTEN"
"14247","S7049",63.95897,20.50887,2080030610,"SWE","VASTERBOTTEN"
"14256","S7064",63.97949,20.52726,2080030610,"SWE","VASTERBOTTEN"
"14286","S7080",64.07887,20.39976,2080030610,"SWE","VASTERBOTTEN"
"14296","S7081",64.08321,20.40457,2080030610,"SWE","VASTERBOTTEN"
"14318","S7084",64.08413,20.41807,2080030610,"SWE","VASTERBOTTEN"
"14353","S7085",64.09298,20.40824,2080030610,"SWE","VASTERBOTTEN"
"14388","S7087",64.10015,20.32312,2080030610,"SWE","VASTERBOTTEN"
"14405","S7090",64.10502,20.31056,2080030610,"SWE","VASTERBOTTEN"
"14423","S7091",64.10653,20.32004,2080030610,"SWE","VASTERBOTTEN"
"14442","S7092",64.10397,20.40184,2080030610,"SWE","VASTERBOTTEN"
"14490","S7095",64.11147,20.29104,2080030610,"SWE","VASTERBOTTEN"
"14498","S7109",64.12846,20.27937,2080030610,"SWE","VASTERBOTTEN"
"14508","S7111",64.14035,20.38832,2080030610,"SWE","VASTERBOTTEN"
"14532","S7112",64.1461,20.3481,2080030610,"SWE","VASTERBOTTEN"
"14568","S7113",64.14626,20.35738,2080030610,"SWE","VASTERBOTTEN"
"14607","S7116",64.15514,20.36089,2080030610,"SWE","VASTERBOTTEN"
"14642","S7124",64.16967,20.34166,2080030610,"SWE","VASTERBOTTEN"
"14675","S7125",64.17237,20.28337,2080030610,"SWE","VASTERBOTTEN"
"14712","S7129",64.17794,20.37907,2080030610,"SWE","VASTERBOTTEN"
"14738","S7132",64.18444,20.37231,2080030610,"SWE","VASTERBOTTEN"
"14766","S7140",64.18921,20.29125,2080030610,"SWE","VASTERBOTTEN"
"14814","S7144",64.19836,20.18241,2080030610,"SWE","VASTERBOTTEN"
"14831","S7148",64.19916,20.27431,2080030610,"SWE","VASTERBOTTEN"
"14876","S7151",64.20192,20.35107,2080030610,"SWE","VASTERBOTTEN"
"14908","S7153",64.20432,20.34011,2080030610,"SWE","VASTERBOTTEN"
"14933","S7154",64.2041,20.37617,2080030610,"SWE","VASTERBOTTEN"
"14968","S7155",64.2092,20.23983,2080030610,"SWE","VASTERBOTTEN"
"14981","S7158",64.21652,20.32354,2080030610,"SWE","VASTERBOTTEN"
"15001","S7159",64.22644,20.18995,2080030610,"SWE","VASTERBOTTEN"
"15018","S7164",64.26009,20.13123,2080030610,"SWE","VASTERBOTTEN"
"15031","S7168",64.26921,20.14197,2080030610,"SWE","VASTERBOTTEN"
"15042","S7169",64.27363,20.24915,2080030610,"SWE","VASTERBOTTEN"
"15061","S7170",64.27644,20.25994,2080030610,"SWE","VASTERBOTTEN"
"15085","S7171",64.27515,20.33108,2080030610,"SWE","VASTERBOTTEN"
"15094","S7173",64.27497,20.35172,2080030610,"SWE","VASTERBOTTEN"
"15114","S7174",64.29441,20.17077,2080030610,"SWE","VASTERBOTTEN"
"15140","S7178",64.29622,20.23003,2080030610,"SWE","VASTERBOTTEN"
"15164","S7185",64.32359,20.12609,2080030610,"SWE","VASTERBOTTEN"
"15186","S6887",63.86928,20.33384,2080030630,"SWE","VASTERBOTTEN"
"15220","S6890",63.87237,20.3639,2080030630,"SWE","VASTERBOTTEN"
"15260","S6934",63.93509,20.29853,2080030630,"SWE","VASTERBOTTEN"
"15302","S6969",63.94534,20.30119,2080030630,"SWE","VASTERBOTTEN"
"15332","S7067",63.99848,20.20941,2080030630,"SWE","VASTERBOTTEN"
"15362","S7082",64.09248,20.13185,2080030630,"SWE","VASTERBOTTEN"
"15382","S7086",64.10275,20.11908,2080030630,"SWE","VASTERBOTTEN"
"15404","S7102",64.12414,20.09464,2080030630,"SWE","VASTERBOTTEN"
"15435","S6888",63.87879,20.04998,2080030650,"SWE","VASTERBOTTEN"
"15455","S6889",63.88106,20.06459,2080030650,"SWE","VASTERBOTTEN"
"15473","S6891",63.88332,20.03335,2080030650,"SWE","VASTERBOTTEN"
"15526","S6912",63.92231,19.99022,2080030650,"SWE","VASTERBOTTEN"
"15546","S6918",63.93515,20.04322,2080030650,"SWE","VASTERBOTTEN"
"15567","S6933",63.94342,19.97501,2080030650,"SWE","VASTERBOTTEN"
"15578","S7407",65.12424,16.94856,2080030650,"SWE","VASTERBOTTEN"
"15603","S7409",65.12802,16.93498,2080030650,"SWE","VASTERBOTTEN"
"15619","S7413",65.13479,16.89276,2080030650,"SWE","VASTERBOTTEN"
"15629","S7805",65.96438,15.9588,2080030650,"SWE","VASTERBOTTEN"
"15644","S7806",65.96663,15.9586,2080030650,"SWE","VASTERBOTTEN"
"15656","S7807",65.96824,15.95818,2080030650,"SWE","VASTERBOTTEN"
"15670","S6801",63.62494,19.91101,2080030660,"SWE","VASTERBOTTEN"
"15716","S6809",63.66073,19.9162,2080030660,"SWE","VASTERBOTTEN"
"15755","S6812",63.67311,19.90788,2080030660,"SWE","VASTERBOTTEN"
"15790","S6817",63.68108,19.89587,2080030660,"SWE","VASTERBOTTEN"
"15828","S6831",63.7049,19.84768,2080030660,"SWE","VASTERBOTTEN"
"15859","S6833",63.71532,19.79648,2080030660,"SWE","VASTERBOTTEN"
"15894","S6837",63.72452,19.82107,2080030660,"SWE","VASTERBOTTEN"
"15905","S6840",63.73025,19.76008,2080030660,"SWE","VASTERBOTTEN"
"15915","S6841",63.73073,19.77534,2080030660,"SWE","VASTERBOTTEN"
"15931","S6842",63.73322,19.81523,2080030660,"SWE","VASTERBOTTEN"
"15941","S6844",63.742,19.80633,2080030660,"SWE","VASTERBOTTEN"
"15951","S6850",63.77218,19.63805,2080030660,"SWE","VASTERBOTTEN"
"15988","S6851",63.77164,19.65828,2080030660,"SWE","VASTERBOTTEN"
"16026","S6853",63.7725,19.6594,2080030660,"SWE","VASTERBOTTEN"
"16056","S6855",63.77295,19.69296,2080030660,"SWE","VASTERBOTTEN"
"16066","S6857",63.79336,19.54952,2080030660,"SWE","VASTERBOTTEN"
"16108","S6859",63.79376,19.5516,2080030660,"SWE","VASTERBOTTEN"
"16144","S6860",63.79171,19.64679,2080030660,"SWE","VASTERBOTTEN"
"16154","S6863",63.81216,19.50018,2080030660,"SWE","VASTERBOTTEN"
"16164","S6869",63.82807,19.47482,2080030660,"SWE","VASTERBOTTEN"
"16174","S6870",63.83293,19.51308,2080030660,"SWE","VASTERBOTTEN"
"16197","S6882",63.86509,19.48473,2080030660,"SWE","VASTERBOTTEN"
"16231","S6897",63.92051,19.442,2080030660,"SWE","VASTERBOTTEN"
"16269","S6898",63.92099,19.44106,2080030660,"SWE","VASTERBOTTEN"
"16307","S6900",63.92601,19.36519,2080030660,"SWE","VASTERBOTTEN"
"16340","S6959",63.97206,19.29949,2080030660,"SWE","VASTERBOTTEN"
"16369","S6964",63.96962,19.41774,2080030660,"SWE","VASTERBOTTEN"
"16402","S6785",63.55982,19.73438,2080030710,"SWE","VASTERBOTTEN"
"16419","S6791",63.57538,19.67725,2080030710,"SWE","VASTERBOTTEN"
"16458","S6793",63.58913,19.66381,2080030710,"SWE","VASTERBOTTEN"
"16496","S6795",63.5972,19.71433,2080030710,"SWE","VASTERBOTTEN"
"16507","S6796",63.60541,19.66299,2080030710,"SWE","VASTERBOTTEN"
"16547","S6797",63.60622,19.66269,2080030710,"SWE","VASTERBOTTEN"
"16592","S6798",63.60868,19.7048,2080030710,"SWE","VASTERBOTTEN"
"16603","S6806",63.65645,19.61534,2080030710,"SWE","VASTERBOTTEN"
"16622","S6816",63.69016,19.54599,2080030710,"SWE","VASTERBOTTEN"
"16632","S6821",63.69368,19.60334,2080030710,"SWE","VASTERBOTTEN"
"16682","S6835",63.72653,19.49405,2080030710,"SWE","VASTERBOTTEN"
"16723","S6836",63.73149,19.44749,2080030710,"SWE","VASTERBOTTEN"
"16758","S6861",63.80296,19.34759,2080030710,"SWE","VASTERBOTTEN"
"16791","S6862",63.81377,19.3642,2080030710,"SWE","VASTERBOTTEN"
"16809","S6866",63.82513,19.32232,2080030710,"SWE","VASTERBOTTEN"
"16845","S6867",63.82631,19.32918,2080030710,"SWE","VASTERBOTTEN"
"16883","S6872",63.84615,19.32557,2080030710,"SWE","VASTERBOTTEN"
"16904","S6931",63.96098,19.12139,2080030710,"SWE","VASTERBOTTEN"
"16933","S6955",63.97611,19.10784,2080030710,"SWE","VASTERBOTTEN"
"16963","S7041",63.98931,19.13905,2080030710,"SWE","VASTERBOTTEN"
"16994","S7054",64.00274,19.06189,2080030710,"SWE","VASTERBOTTEN"
"17009","S6784",63.56238,19.34284,2080030760,"SWE","VASTERBOTTEN"
"17018","S6810",63.69297,19.08089,2080030760,"SWE","VASTERBOTTEN"
"17054","S6811",63.69333,19.08498,2080030760,"SWE","VASTERBOTTEN"
"17094","S6815",63.69818,19.04911,2080030760,"SWE","VASTERBOTTEN"
"17117","S6879",63.87545,18.80277,2080030760,"SWE","VASTERBOTTEN"
"17147","S6883",63.87921,18.9054,2080030760,"SWE","VASTERBOTTEN"
"17177","S6905",63.94537,18.82515,2080030760,"SWE","VASTERBOTTEN"
"17200","S6909",63.94888,18.83307,2080030760,"SWE","VASTERBOTTEN"
"17253","S6945",63.97872,18.7801,2080030760,"SWE","VASTERBOTTEN"
"17279","S7043",63.99968,18.67495,2080030760,"SWE","VASTERBOTTEN"
"17293","S7105",64.16403,18.50678,2080030760,"SWE","VASTERBOTTEN"
"17303","S6720",63.18881,17.59758,2080031060,"SWE","VASTERNORRLAND"
"17340","S6728",63.20761,17.58681,2080031060,"SWE","VASTERNORRLAND"
"17376","S6742",63.29761,17.52078,2080031060,"SWE","VASTERNORRLAND"
"17399","S7053",64.03377,16.92383,2080031060,"SWE","VASTERBOTTEN"
"17409","S7179",64.36333,16.47272,2080031060,"SWE","VASTERBOTTEN"
"17441","S7181",64.37107,16.44598,2080031060,"SWE","VASTERBOTTEN"
"17465","S7186",64.39109,16.37803,2080031060,"SWE","VASTERBOTTEN"
"17502","S7203",64.43496,16.27308,2080031060,"SWE","VASTERBOTTEN"
"17545","S7313",64.95128,15.58063,2080031060,"SWE","VASTERBOTTEN"
"17565","S7315",64.95397,15.57531,2080031060,"SWE","VASTERBOTTEN"
"17582","S7327",64.96835,15.59638,2080031060,"SWE","VASTERBOTTEN"
"17596","S7331",64.97717,15.5654,2080031060,"SWE","VASTERBOTTEN"
"17606","S6654",62.80122,14.25296,2080031160,"SWE","JAMTLAND"
"17620","S6655",62.83754,14.26068,2080031160,"SWE","JAMTLAND"
"17635","S6657",62.845,17.37162,2080031160,"SWE","VASTERNORRLAND"
"17655","S6658",62.84873,17.35907,2080031160,"SWE","VASTERNORRLAND"
"17675","S6660",62.85679,17.31923,2080031160,"SWE","VASTERNORRLAND"
"17702","S6702",63.09096,13.89607,2080031160,"SWE","JAMTLAND"
"17715","S6703",63.09339,13.89631,2080031160,"SWE","JAMTLAND"
"17728","S6706",63.10212,13.80422,2080031160,"SWE","JAMTLAND"
"17744","S6707",63.10347,13.89882,2080031160,"SWE","JAMTLAND"
"17768","S6708",63.10732,13.86723,2080031160,"SWE","JAMTLAND"
"17787","S4939",59.64708,14.73761,2080031740,"SWE","OREBRO"
"17810","S4948",59.65802,15.9435,2080031740,"SWE","VASTMANLAND"
"17840","S5173",59.79389,15.53993,2080031740,"SWE","VASTMANLAND"
"17849","S5226",59.8229,15.50655,2080031740,"SWE","VASTMANLAND"
"17862","S5241",59.82648,15.50117,2080031740,"SWE","VASTMANLAND"
"17882","S5258",59.84797,15.48045,2080031740,"SWE","VASTMANLAND"
"17898","S5263",59.85356,15.45488,2080031740,"SWE","VASTMANLAND"
"17908","S5267",59.85464,15.45505,2080031740,"SWE","VASTMANLAND"
"17918","S5358",59.91915,15.52086,2080031740,"SWE","VASTMANLAND"
"17931","S5373",59.92861,15.58785,2080031740,"SWE","VASTMANLAND"
"17942","S5432",59.98447,14.68895,2080031740,"SWE","OREBRO"
"17953","S5537",60.10652,14.97628,2080031740,"SWE","DALARNA"
"17966","S5603",60.16954,14.68484,2080031740,"SWE","DALARNA"
"17980","S5648",60.24025,14.72647,2080031740,"SWE","DALARNA"
"17989","S4128",58.99735,17.93951,2080031750,"SWE","STOCKHOLM"
"18003","S4129",58.99968,17.91808,2080031750,"SWE","STOCKHOLM"
"18023","S4130",59.00001,17.93063,2080031750,"SWE","STOCKHOLM"
"18035","S4201",59.07941,17.5701,2080031750,"SWE","STOCKHOLM"
"18057","S4207",59.0814,17.60108,2080031750,"SWE","STOCKHOLM"
"18084","S4210",59.08259,17.55369,2080031750,"SWE","STOCKHOLM"
"18108","S4223",59.08369,18.14517,2080031750,"SWE","STOCKHOLM"
"18118","S4233",59.10025,17.82163,2080031750,"SWE","STOCKHOLM"
"18138","S4234",59.09559,18.1226,2080031750,"SWE","STOCKHOLM"
"18155","S4239",59.10101,18.11615,2080031750,"SWE","STOCKHOLM"
"18166","S4241",59.11358,17.80234,2080031750,"SWE","STOCKHOLM"
"18197","S4244",59.11659,17.83953,2080031750,"SWE","STOCKHOLM"
"18210","S4248",59.12291,17.86576,2080031750,"SWE","STOCKHOLM"
"18222","S4255",59.13568,17.8363,2080031750,"SWE","STOCKHOLM"
"18250","S4265",59.14196,17.84768,2080031750,"SWE","STOCKHOLM"
"18278","S4283",59.16772,18.32932,2080031750,"SWE","STOCKHOLM"
"18296","S4284",59.16812,18.33198,2080031750,"SWE","STOCKHOLM"
"18308","S4291",59.16934,18.33819,2080031750,"SWE","STOCKHOLM"
"18329","S2805",57.7223,14.10162,2080031960,"SWE","JONKOPING"
"18349","S2867",57.76375,14.28972,2080031960,"SWE","JONKOPING"
"18360","S2896",57.7924,15.06656,2080031960,"SWE","JONKOPING"
"18383","S2966",57.83064,15.09675,2080031960,"SWE","OSTERGOTLAND"
"18412","S2976",57.82516,14.10452,2080031960,"SWE","JONKOPING"
"18422","S3039",57.85491,15.35952,2080031960,"SWE","OSTERGOTLAND"
"18449","S3090",57.86863,14.13112,2080031960,"SWE","JONKOPING"
"18466","S3103",57.88606,15.38206,2080031960,"SWE","OSTERGOTLAND"
"18483","S3109",57.88794,15.38036,2080031960,"SWE","OSTERGOTLAND"
"18513","S3115",57.88999,15.37747,2080031960,"SWE","OSTERGOTLAND"
"18539","S3149",57.91465,14.08779,2080031960,"SWE","VASTRA GOTALAND"
"18551","S3151",57.91463,14.07277,2080031960,"SWE","VASTRA GOTALAND"
"18561","S3154",57.91496,14.08458,2080031960,"SWE","VASTRA GOTALAND"
"18572","S3165",57.91943,14.03678,2080031960,"SWE","VASTRA GOTALAND"
"18582","S3176",57.92821,14.12159,2080031960,"SWE","VASTRA GOTALAND"
"18605","S3191",57.93799,14.11353,2080031960,"SWE","VASTRA GOTALAND"
"18615","S3217",57.97065,15.51203,2080031960,"SWE","OSTERGOTLAND"
"18644","S3224",57.96535,14.11139,2080031960,"SWE","VASTRA GOTALAND"
"18656","S3253",57.98852,15.51458,2080031960,"SWE","OSTERGOTLAND"
"18685","S3269",57.99223,14.14056,2080031960,"SWE","VASTRA GOTALAND"
"18695","S3271",57.9975,14.43121,2080031960,"SWE","JONKOPING"
"18724","S3282",58.00122,14.10801,2080031960,"SWE","VASTRA GOTALAND"
"18734","S3338",58.04579,14.18549,2080031960,"SWE","VASTRA GOTALAND"
"18750","S3346",58.04681,14.16004,2080031960,"SWE","VASTRA GOTALAND"
"18770","S3410",58.11851,14.16387,2080031960,"SWE","VASTRA GOTALAND"
"18783","S1593",57.1254,16.48215,2080032230,"SWE","KALMAR"
"18824","S1597",57.12733,16.32251,2080032230,"SWE","KALMAR"
"18872","S1599",57.1271,16.48383,2080032230,"SWE","KALMAR"
"18928","S1606",57.13005,16.12341,2080032230,"SWE","KALMAR"
"18959","S1611",57.13044,16.25931,2080032230,"SWE","KALMAR"
"19000","S1760",57.21177,15.91063,2080032230,"SWE","KALMAR"
"19026","S1798",57.23677,15.84645,2080032230,"SWE","KALMAR"
"19057","S1800",57.23722,15.85323,2080032230,"SWE","KALMAR"
"19088","S1806",57.23857,15.83519,2080032230,"SWE","KALMAR"
"19109","S1818",57.24958,15.39769,2080032230,"SWE","JONKOPING"
"19139","S2102",57.42302,15.44153,2080032230,"SWE","JONKOPING"
"19157","S2109",57.42731,15.46663,2080032230,"SWE","JONKOPING"
"19186","S2113",57.42789,15.41818,2080032230,"SWE","JONKOPING"
"19205","S2119",57.43409,15.39315,2080032230,"SWE","JONKOPING"
"19228","S2136",57.4472,14.96078,2080032230,"SWE","JONKOPING"
"19260","S2598",57.64627,15.17386,2080032230,"SWE","JONKOPING"
"19272","S2784",57.72231,15.38818,2080032230,"SWE","OSTERGOTLAND"
"19306","S2785",57.72321,15.38901,2080032230,"SWE","OSTERGOTLAND"
"19346","S1559",57.08451,14.84866,2080032600,"SWE","KRONOBERG"
"19359","S1581",57.11136,15.10709,2080032600,"SWE","KRONOBERG"
"19378","S1587",57.12367,15.17702,2080032600,"SWE","KRONOBERG"
"19396","S1598",57.12739,15.18505,2080032600,"SWE","KRONOBERG"
"19408","S1619",57.132,15.19092,2080032600,"SWE","KRONOBERG"
"19418","S1674",57.17078,14.78855,2080032600,"SWE","KRONOBERG"
"19455","S417",56.17385,14.75027,2080032600,"SWE","BLEKINGE"
"19502","S469",56.1919,14.74938,2080032600,"SWE","BLEKINGE"
"19538","S491",56.19996,14.74756,2080032600,"SWE","BLEKINGE"
"19577","S517",56.21485,14.7552,2080032600,"SWE","BLEKINGE"
"19598","S561",56.22469,14.7617,2080032600,"SWE","BLEKINGE"
"19626","S591",56.24097,14.77912,2080032600,"SWE","BLEKINGE"
"19671","S666",56.29113,14.74746,2080032600,"SWE","BLEKINGE"
"19708","S678",56.29199,14.7442,2080032600,"SWE","BLEKINGE"
"19753","S969",56.47667,13.86263,2080032670,"SWE","KRONOBERG"
"19785","S1283",56.83025,14.18595,2080032670,"SWE","KRONOBERG"
"19815","S1362",56.86345,14.21812,2080032670,"SWE","KRONOBERG"
"19838","S374",56.1031,14.12807,2080032670,"SWE","SKANE"
"19897","S439",56.1741,14.04177,2080032670,"SWE","SKANE"
"19938","S553",56.21579,14.16168,2080032670,"SWE","SKANE"
"19978","S560",56.20825,13.62963,2080032670,"SWE","SKANE"
"20006","S592",56.22996,13.65356,2080032670,"SWE","SKANE"
"20041","S609",56.2464,13.64359,2080032670,"SWE","SKANE"
"20074","S660",56.26715,13.6329,2080032670,"SWE","SKANE"
"20096","S928",56.42154,12.85004,2080032980,"SWE","SKANE"
"20121","S791",56.35707,12.80309,2080032980,"SWE","SKANE"
"20142","S804",56.36644,12.73452,2080032980,"SWE","SKANE"
"20159","S809",56.37315,12.81429,2080032980,"SWE","SKANE"
"20169","S831",56.3802,12.79365,2080032980,"SWE","SKANE"
"20179","S850",56.39222,12.85249,2080032980,"SWE","SKANE"
"20189","S864",56.39657,12.8468,2080032980,"SWE","SKANE"
"20198","S869",56.39684,12.84646,2080032980,"SWE","SKANE"
"20208","S891",56.40845,12.86597,2080032980,"SWE","SKANE"
"20218","S893",56.40913,12.86478,2080032980,"SWE","SKANE"
"20228","S911",56.41273,12.86095,2080032980,"SWE","SKANE"
"20237","S998",56.49314,13.2541,2080033010,"SWE","HALLAND"
"20251","S1026",56.56829,13.36089,2080033010,"SWE","HALLAND"
"20272","S1029",56.56778,13.30636,2080033010,"SWE","HALLAND"
"20293","S1031",56.571,13.30078,2080033010,"SWE","HALLAND"
"20314","S1038",56.58062,13.36687,2080033010,"SWE","HALLAND"
"20336","S1054",56.59408,13.29648,2080033010,"SWE","HALLAND"
"20361","S1065",56.61503,13.47268,2080033010,"SWE","KRONOBERG"
"20377","S1528",57.05423,14.19136,2080033010,"SWE","JONKOPING"
"20412","S1531",57.05587,14.20003,2080033010,"SWE","JONKOPING"
"20440","S1554",57.07559,14.23298,2080033010,"SWE","JONKOPING"
"20467","S2123",57.4319,14.48663,2080033010,"SWE","JONKOPING"
"20493","S2310",57.52735,14.06415,2080033010,"SWE","JONKOPING"
"20509","S2329",57.53995,14.13307,2080033010,"SWE","JONKOPING"
"20541","S2355",57.54925,14.12241,2080033010,"SWE","JONKOPING"
"20572","S2364",57.55964,14.30489,2080033010,"SWE","JONKOPING"
"20591","S2366",57.55807,14.11031,2080033010,"SWE","JONKOPING"
"20624","S2376",57.56335,14.3156,2080033010,"SWE","JONKOPING"
"20645","S2380",57.56474,14.31889,2080033010,"SWE","JONKOPING"
"20666","S1041",56.57863,13.07844,2080033020,"SWE","HALLAND"
"20701","S1060",56.60055,13.12649,2080033020,"SWE","HALLAND"
"20737","S1081",56.62094,13.20762,2080033020,"SWE","HALLAND"
"20767","S1100",56.63851,13.06206,2080033020,"SWE","HALLAND"
"20807","S1111",56.66469,13.07866,2080033020,"SWE","HALLAND"
"20829","S1121",56.66922,12.92841,2080033020,"SWE","HALLAND"
"20860","S1129",56.68725,12.98327,2080033020,"SWE","HALLAND"
"20896","S1173",56.70074,13.03063,2080033020,"SWE","HALLAND"
"20931","S1191",56.70476,13.07025,2080033020,"SWE","HALLAND"
"20956","S1208",56.71719,13.04698,2080033020,"SWE","HALLAND"
"20978","S1213",56.72883,13.10282,2080033020,"SWE","HALLAND"
"21004","S1215",56.73541,13.10398,2080033020,"SWE","HALLAND"
"21039","S1266",56.78334,13.19466,2080033020,"SWE","HALLAND"
"21063","S1177",56.70036,12.96664,2080033080,"SWE","HALLAND"
"21077","S1193",56.70342,12.9415,2080033080,"SWE","HALLAND"
"21094","S1242",56.74646,12.9736,2080033080,"SWE","HALLAND"
"21116","S1249",56.75785,13.00312,2080033080,"SWE","HALLAND"
"21133","S1251",56.76174,12.98176,2080033080,"SWE","HALLAND"
"21178","S1277",56.79911,13.02877,2080033080,"SWE","HALLAND"
"21228","S1288",56.81758,13.05695,2080033080,"SWE","HALLAND"
"21270","S1397",56.8862,13.06422,2080033080,"SWE","HALLAND"
"21280","S1427",56.93222,13.06511,2080033080,"SWE","HALLAND"
"21300","S1438",56.94177,13.0705,2080033080,"SWE","HALLAND"
"21316","S1542",57.0445,13.1142,2080033080,"SWE","HALLAND"
"21344","S1917",57.32802,13.53226,2080033080,"SWE","JONKOPING"
"21363","S2081",57.392,13.5436,2080033080,"SWE","JONKOPING"
"21375","S2172",57.46281,13.68974,2080033080,"SWE","JONKOPING"
"21394","S2292",57.50647,13.64299,2080033080,"SWE","JONKOPING"
"21422","S2432",57.57077,13.72862,2080033080,"SWE","JONKOPING"
"21457","S2445",57.5819,13.72212,2080033080,"SWE","JONKOPING"
"21485","S2463",57.59332,13.73402,2080033080,"SWE","JONKOPING"
"21511","S2478",57.60115,13.77372,2080033080,"SWE","JONKOPING"
"21556","S2580",57.62175,13.77005,2080033080,"SWE","JONKOPING"
"21588","S2581",57.62283,13.75309,2080033080,"SWE","JONKOPING"
"21609","S2611",57.63338,13.6589,2080033080,"SWE","VASTRA GOTALAND"
"21627","S2628",57.64083,13.89878,2080033080,"SWE","JONKOPING"
"21653","S2709",57.66327,13.79696,2080033080,"SWE","JONKOPING"
"21683","S2715",57.66359,13.79738,2080033080,"SWE","JONKOPING"
"21715","S2723",57.66875,13.90452,2080033080,"SWE","JONKOPING"
"21740","S2740",57.67948,13.86575,2080033080,"SWE","JONKOPING"
"21763","S2768",57.6942,13.77941,2080033080,"SWE","JONKOPING"
"21777","S2783",57.705,13.80902,2080033080,"SWE","JONKOPING"
"21796","S2803",57.71632,13.81509,2080033080,"SWE","JONKOPING"
"21823","S2813",57.72515,13.80538,2080033080,"SWE","JONKOPING"
"21851","S2855",57.75106,13.91398,2080033080,"SWE","JONKOPING"
"21888","S1112",56.6573,12.73438,2080033090,"SWE","HALLAND"
"21931","S1117",56.6646,12.82776,2080033090,"SWE","HALLAND"
"21971","S1209",56.70934,12.69125,2080033090,"SWE","HALLAND"
"21999","S1265",56.77229,12.84853,2080033090,"SWE","HALLAND"
"22029","S1355",56.83524,12.88832,2080033090,"SWE","HALLAND"
"22052","S1387",56.8713,12.87243,2080033090,"SWE","HALLAND"
"22068","S1392",56.87664,12.79023,2080033090,"SWE","HALLAND"
"22094","S1414",56.91901,12.78829,2080033090,"SWE","HALLAND"
"22121","S1416",56.91962,12.7876,2080033090,"SWE","HALLAND"
"22142","S1562",57.05228,12.69838,2080033120,"SWE","HALLAND"
"22165","S1566",57.0553,12.67054,2080033120,"SWE","HALLAND"
"22198","S1628",57.09669,12.63446,2080033120,"SWE","HALLAND"
"22229","S1633",57.10252,12.67887,2080033120,"SWE","HALLAND"
"22260","S1681",57.13973,12.72464,2080033120,"SWE","HALLAND"
"22283","S1743",57.16585,12.74852,2080033120,"SWE","HALLAND"
"22317","S1750",57.17098,12.77766,2080033120,"SWE","HALLAND"
"22350","S1761",57.17669,12.77255,2080033120,"SWE","HALLAND"
"22377","S1808",57.20382,12.81408,2080033120,"SWE","HALLAND"
"22423","S1838",57.23315,12.78736,2080033120,"SWE","HALLAND"
"22456","S2162",57.448,13.39069,2080033120,"SWE","VASTRA GOTALAND"
"22472","S2163",57.4484,13.36084,2080033120,"SWE","VASTRA GOTALAND"
"22492","S1835",57.21635,12.47356,2080033190,"SWE","HALLAND"
"22502","S1849",57.24815,12.43587,2080033190,"SWE","HALLAND"
"22522","S1852",57.25873,12.37853,2080033190,"SWE","HALLAND"
"22531","S1908",57.29366,12.39137,2080033190,"SWE","HALLAND"
"22570","S2071",57.36671,12.48154,2080033190,"SWE","VASTRA GOTALAND"
"22610","S2168",57.43209,12.41718,2080033190,"SWE","VASTRA GOTALAND"
"22620","S2201",57.45098,12.44238,2080033190,"SWE","VASTRA GOTALAND"
"22633","S2267",57.48197,12.71534,2080033190,"SWE","VASTRA GOTALAND"
"22678","S2301",57.49376,12.78454,2080033190,"SWE","VASTRA GOTALAND"
"22702","S2308",57.50345,12.84657,2080033190,"SWE","VASTRA GOTALAND"
"22726","S2446",57.55686,12.53198,2080033190,"SWE","VASTRA GOTALAND"
"22758","S2472",57.57279,12.55561,2080033190,"SWE","VASTRA GOTALAND"
"22788","S2749",57.67004,13.0482,2080033190,"SWE","VASTRA GOTALAND"
"22808","S3119",57.88253,13.68031,2080033320,"SWE","VASTRA GOTALAND"
"22829","S3294",57.97713,12.19109,2080033320,"SWE","VASTRA GOTALAND"
"22873","S3299",57.97713,12.08636,2080033320,"SWE","VASTRA GOTALAND"
"22887","S3340",58.00635,12.23081,2080033320,"SWE","VASTRA GOTALAND"
"22924","S3432",58.09998,12.12272,2080033320,"SWE","VASTRA GOTALAND"
"22950","S4155",59.0162,14.08908,2080033320,"SWE","VASTRA GOTALAND"
"22995","S4268",59.12011,12.37636,2080033320,"SWE","VASTRA GOTALAND"
"23008","S4732",59.4763,14.52332,2080033320,"SWE","OREBRO"
"23041","S4734",59.48253,14.5178,2080033320,"SWE","OREBRO"
"23078","S4739",59.48629,14.51589,2080033320,"SWE","OREBRO"
"23127","S5332",59.8852,13.47508,2080033320,"SWE","VARMLAND"
"23136","S5333",59.88652,13.48857,2080033320,"SWE","VARMLAND"
"23147","S5336",59.88639,13.46641,2080033320,"SWE","VARMLAND"
"23157","S5515",60.05596,14.59067,2080033320,"SWE","DALARNA"
"23166","S5747",60.40761,13.73638,2080033320,"SWE","DALARNA"
"23178","S5795",60.48011,13.72212,2080033320,"SWE","DALARNA"
"23197","S5804",60.49695,13.70757,2080033320,"SWE","DALARNA"
"23215","S5848",60.54399,13.61831,2080033320,"SWE","DALARNA"
"23225","S690",51.40798,-0.349007394,2080053790,"GBR","ENGLAND"
"23310","S6137",51.66122,-1.792057273,2080053790,"GBR","ENGLAND"
"23380","S6354",51.64401,-1.821892109,2080053790,"GBR","ENGLAND"
"23444","S1034",51.38355,-0.439373832,2080053790,"GBR","ENGLAND"
"23530","S1087",51.38119,-0.461454564,2080053790,"GBR","ENGLAND"
"23616","S1199",51.39586,-0.486391134,2080053790,"GBR","ENGLAND"
"23692","S1236",51.5426,-0.489199417,2080053790,"GBR","ENGLAND"
"23776","S1275",51.41337,-0.50209107,2080053790,"GBR","ENGLAND"
"23856","S2447",51.54609,-0.8497534,2080053790,"GBR","ENGLAND"
"23940","S2462",51.55877,-0.87147548,2080053790,"GBR","ENGLAND"
"24001","S11286",51.83145,0.168965788,2080053790,"GBR","ENGLAND"
"24083","S2483",51.51423,-0.880675368,2080053790,"GBR","ENGLAND"
"24167","S2494",51.50053,-0.884627149,2080053790,"GBR","ENGLAND"
"24210","S2751",51.46194,-0.939303537,2080053790,"GBR","ENGLAND"
"24292","S2806",51.46111,-0.964095621,2080053790,"GBR","ENGLAND"
"24328","S2928",51.43312,-1.031995652,2080053790,"GBR","ENGLAND"
"24400","S2992",51.4923,-1.05782294,2080053790,"GBR","ENGLAND"
"24483","S3042",51.47724,-1.084196088,2080053790,"GBR","ENGLAND"
"24523","S3058",51.48619,-1.088654451,2080053790,"GBR","ENGLAND"
"24607","S3189",51.52746,-1.14082107,2080053790,"GBR","ENGLAND"
"24689","S3209",51.62774,-1.143638397,2080053790,"GBR","ENGLAND"
"24770","S3383",51.65846,-1.194699008,2080053790,"GBR","ENGLAND"
"24850","S3473",51.64508,-1.242773329,2080053790,"GBR","ENGLAND"
"24932","S3680",51.78028,-1.299828648,2080053790,"GBR","ENGLAND"
"25006","S479",51.81448,-0.288349136,2080053790,"GBR","ENGLAND"
"25067","S5707",51.92684,-1.742552765,2080053790,"GBR","ENGLAND"
"25091","S663",51.40426,-0.344885911,2080053790,"GBR","ENGLAND"
"25167","S7990",-26.7522,152.9203,5080070260,"AUS","QUEENSLAND"
"25213","S7991",-26.7518,153.0817,5080070260,"AUS","QUEENSLAND"
"25324","S7997",-26.937,152.9809,5080070260,"AUS","QUEENSLAND"
"25395","S7998",-26.8512,152.9852,5080070260,"AUS","QUEENSLAND"
"25463","S7999",-26.8775,153.0088,5080070260,"AUS","QUEENSLAND"
"25539","S8000",-26.7725,153.038,5080070260,"AUS","QUEENSLAND"
"25624","S8001",-26.7785,152.9452,5080070260,"AUS","QUEENSLAND"
"25677","S8002",-26.76274,152.9709,5080070260,"AUS","QUEENSLAND"
"25743","S8045",-27.41626,153.0026,5080070390,"AUS","QUEENSLAND"
"25846","S8090",-26.6252,152.1829,5080070390,"AUS","QUEENSLAND"
"25925","S8091",-26.57197,152.2488,5080070390,"AUS","QUEENSLAND"
"25978","S8092",-26.8806,152.3809,5080070390,"AUS","QUEENSLAND"
"26029","S8093",-26.78268,152.2814,5080070390,"AUS","QUEENSLAND"
"26143","S8094",-26.96295,152.2928,5080070390,"AUS","QUEENSLAND"
"26253","S8095",-26.89723,152.2774,5080070390,"AUS","QUEENSLAND"
"26326","S8096",-26.97856,152.3336,5080070390,"AUS","QUEENSLAND"
"26417","S8097",-27.03113,152.3361,5080070390,"AUS","QUEENSLAND"
"26499","S8098",-27.15133,152.3138,5080070390,"AUS","QUEENSLAND"
"26596","S8099",-26.89513,152.3094,5080070390,"AUS","QUEENSLAND"
"26722","S8100",-27.2282,152.4379,5080070390,"AUS","QUEENSLAND"
"26780","S8101",-27.1299,152.6399,5080070390,"AUS","QUEENSLAND"
"26877","S8102",-27.2246,152.5554,5080070390,"AUS","QUEENSLAND"
"26975","S8103",-27.3057,152.6821,5080070390,"AUS","QUEENSLAND"
"27033","S8104",-26.79887,152.8241,5080070390,"AUS","QUEENSLAND"
"27106","S8105",-26.9707,152.6825,5080070390,"AUS","QUEENSLAND"
"27218","S8108",-26.8669,152.5246,5080070390,"AUS","QUEENSLAND"
"27330","S8109",-27.3593,152.3219,5080070390,"AUS","QUEENSLAND"
"27405","S8110",-27.4949,152.0878,5080070390,"AUS","QUEENSLAND"
"27476","S8114",-27.86752,152.2301,5080070390,"AUS","QUEENSLAND"
"27513","S8115",-27.85021,152.3909,5080070390,"AUS","QUEENSLAND"
"27562","S8116",-27.60235,152.377,5080070390,"AUS","QUEENSLAND"
"27607","S8119",-27.9886,152.4784,5080070390,"AUS","QUEENSLAND"
"27690","S8120",-28.01237,152.5596,5080070390,"AUS","QUEENSLAND"
"27802","S8121",-27.83204,152.5095,5080070390,"AUS","QUEENSLAND"
"27864","S8122",-27.66316,152.4614,5080070390,"AUS","QUEENSLAND"
"27904","S8123",-27.93221,152.6003,5080070390,"AUS","QUEENSLAND"
"27989","S8124",-27.4997,152.6898,5080070390,"AUS","QUEENSLAND"
"28136","S8126",-27.78081,152.7319,5080070390,"AUS","QUEENSLAND"
"28213","S8128",-27.4407,152.8905,5080070390,"AUS","QUEENSLAND"
"28265","S8129",-27.51293,153.0388,5080070390,"AUS","QUEENSLAND"
"28337","S8130",-27.553,153.1121,5080070390,"AUS","QUEENSLAND"
"28442","S8131",-27.59496,152.9396,5080070390,"AUS","QUEENSLAND"
"28505","S8132",-27.6105,153.0233,5080070390,"AUS","QUEENSLAND"
"28628","S8134",-26.8794,152.7309,5080070390,"AUS","QUEENSLAND"
"28698","S8135",-27.6214,152.9792,5080070390,"AUS","QUEENSLAND"
"28768","S8136",-27.62689,152.6688,5080070390,"AUS","QUEENSLAND"
"28853","S8138",-27.00615,152.715,5080070390,"AUS","QUEENSLAND"
"28930","S8188",-28.31903,152.9901,5080070440,"AUS","QUEENSLAND"
"28987","S8189",-28.23727,152.7427,5080070440,"AUS","QUEENSLAND"
"29042","S8190",-28.222,152.8594,5080070440,"AUS","QUEENSLAND"
"29137","S8191",-28.0994,152.8708,5080070440,"AUS","QUEENSLAND"
"29208","S8192",-28.2268,152.8899,5080070440,"AUS","QUEENSLAND"
"29301","S8193",-28.29325,153.0839,5080070440,"AUS","QUEENSLAND"
"29334","S8194",-28.2391,152.9955,5080070440,"AUS","QUEENSLAND"
"29399","S8195",-27.98743,152.9653,5080070440,"AUS","QUEENSLAND"
"29515","S8196",-27.9312,152.9488,5080070440,"AUS","QUEENSLAND"
"29590","S8197",-27.8213,153.0039,5080070440,"AUS","QUEENSLAND"
"29712","S8198",-28.2065,153.0403,5080070440,"AUS","QUEENSLAND"
"29797","S8199",-28.0965,153.0779,5080070440,"AUS","QUEENSLAND"
"29877","S8200",-27.8259,153.1787,5080070440,"AUS","QUEENSLAND"
"29984","S8201",-27.9726,153.1564,5080070440,"AUS","QUEENSLAND"
"30053","S8202",-28.1701,152.6803,5080070440,"AUS","QUEENSLAND"
"30094","S8203",-28.2146,152.532,5080070440,"AUS","QUEENSLAND"
"30136","S8204",-27.6632,153.2076,5080070440,"AUS","QUEENSLAND"
"30211","S8205",-27.64421,153.136,5080070440,"AUS","QUEENSLAND"
"30313","S6018",42.18286,-90.28564,7080047060,"USA","ILLINOIS"
"30463","S6923",42.12156,-90.17679,7080047060,"USA","IOWA"
"30651","S8633",38.91544,-90.27086,7080047060,"USA","MISSOURI"
"30878","S8888",38.87213,-90.17989,7080047060,"USA","MISSOURI"
"31133","S9019",38.92018,-90.39803,7080047060,"USA","MISSOURI"
"31402","S1296",42.13602,-90.18992,7080047060,"USA","ILLINOIS"
"31742","S9163",38.91535,-90.54612,7080047060,"USA","ILLINOIS"
"31931","S9445",38.91654,-90.50245,7080047060,"USA","ILLINOIS"
"32194","S9840",40.13539,-90.26347,7080047060,"USA","ILLINOIS"
"32585","S9964",40.28857,-90.07446,7080047060,"USA","ILLINOIS"
"32870","S10203",40.1905,-90.16241,7080047060,"USA","ILLINOIS"
"33211","S10328",40.46382,-89.84873,7080047060,"USA","ILLINOIS"
"33440","S10458",37.32581,-89.45305,7080047060,"USA","ILLINOIS"
"33640","S10580",37.35653,-89.44868,7080047060,"USA","MISSOURI"
"33835","S10806",37.2607,-89.43107,7080047060,"USA","ILLINOIS"
"34099","S10918",37.24652,-89.52431,7080047060,"USA","MISSOURI"
"34251","S11151",44.38612,-91.99512,7080047060,"USA","WISCONSIN"
"34528","S11264",44.38792,-92.0354,7080047060,"USA","WISCONSIN"
"34815","S11383",44.38425,-92.02346,7080047060,"USA","WISCONSIN"
"34985","S11618",44.37782,-92.0065,7080047060,"USA","MINNESOTA"
"35288","S11784",43.73241,-91.24505,7080047060,"USA","WISCONSIN"
"35605","S11816",43.65154,-91.2328,7080047060,"USA","WISCONSIN"
"35803","S11830",43.74075,-91.26035,7080047060,"USA","MINNESOTA"
"36090","S11849",43.77362,-91.25849,7080047060,"USA","MINNESOTA"
"36317","S11872",43.74442,-91.2508,7080047060,"USA","WISCONSIN"
"36658","S5110",41.95499,-90.15572,7080047060,"USA","ILLINOIS"
"36845","S5557",42.09582,-90.16816,7080047060,"USA","IOWA"
"37092","S12494",35.15755,-83.38673,7080047060,"USA","NORTH CAROLINA"
"37250","S12684",35.04016,-83.36127,7080047060,"USA","NORTH CAROLINA"
"37381","S9313",41.81973,-87.74319,7080047060,"USA",NA
"37442","S1298",41.57059,-88.07832,7080047060,"USA",NA
"37516","S9447",41.82067,-87.81062,7080047060,"USA",NA
"37616","S11384",41.97865,-88.13317,7080047060,"USA",NA
"37683","S11498",41.99295,-87.99526,7080047060,"USA",NA
"37738","S11804",42.01869,-87.93668,7080047060,"USA",NA
"37771","S3234",41.59651,-88.06865,7080047060,"USA",NA
"37867","S11988",42.15273,-87.91006,7080047060,"USA",NA
"37960","S9165",41.80112,-87.80157,7080047060,"USA",NA
"38140","S9269",40.68778,-80.29972,7080047060,"USA",NA
"38158","S6120",38.81267,-84.2256,7080047060,"USA",NA
"38180","S6165",38.82161,-84.2271,7080047060,"USA",NA
"38199","S176",37.06972,-89.15639,7080047060,"USA",NA
"38245","S8702",39.9528,-80.76328,7080047060,"USA",NA
"38263","S5610",38.72556,-83.03,7080047060,"USA",NA
"38287","S5646",38.72912,-82.97076,7080047060,"USA",NA
"38331","S9272",40.69001,-80.29407,7080047060,"USA",NA
"38377","S936",37.41556,-88.34556,7080047060,"USA",NA
"38394","S995",37.44917,-88.29389,7080047060,"USA",NA
"38414","S4287",38.49222,-85.48056,7080047060,"USA",NA
"38436","S4401",38.52806,-85.41806,7080047060,"USA",NA
"38482","S4573",38.5475,-82.29111,7080047060,"USA",NA
"38490","S4668",38.57667,-82.28833,7080047060,"USA",NA
"38604","S1664",37.82056,-87.06028,7080047060,"USA",NA
"38620","S1697",37.82528,-87.05778,7080047060,"USA",NA
"41033","S5121",35.81584,-83.92449,7080047060,"USA",NA
"41514","S5131",37.04014,-81.79868,7080047060,"USA",NA
"41794","S5890",35.85158,-83.18825,7080047060,"USA",NA
"42164","S5901",34.908,-87.03043,7080047060,"USA",NA
"42455","S8637",34.47341,-104.2597,7080049270,"USA","NEW MEXICO"
"42549","S8762",33.39874,-104.3986,7080049270,"USA","NEW MEXICO"
"42641","S8891",33.28178,-104.3563,7080049270,"USA","NEW MEXICO"
"42709","S9167",32.98959,-104.3174,7080049270,"USA","NEW MEXICO"
"42804","S9315",32.84051,-104.3239,7080049270,"USA","NEW MEXICO"
"42906","S9449",32.59824,-104.3499,7080049270,"USA","NEW MEXICO"
"43022","S9583",34.40295,-104.2005,7080049270,"USA","NEW MEXICO"
"43109","S9721",33.93357,-104.2746,7080049270,"USA","NEW MEXICO"
"43217","S9965",33.81852,-104.2951,7080049270,"USA","NEW MEXICO"
"43315","S10089",33.75503,-104.3063,7080049270,"USA","NEW MEXICO"
"43410","S10329",33.57142,-104.3718,7080049270,"USA","NEW MEXICO"
"43508","S10459",33.45235,-104.3789,7080049270,"USA","NEW MEXICO"
